dataset	quantity	historical_value	regenerated_value	match	source_checksum	evidence_class
Smart-seq3	cells	192	192	True	0ecd36bb0a74455db7f0affb9ade5023c1934c1dd234aca975365c0b69d8b339	checksum-verified processed-object regeneration
Smart-seq3	RNA features	63187	63187	True	0ecd36bb0a74455db7f0affb9ade5023c1934c1dd234aca975365c0b69d8b339	checksum-verified processed-object regeneration
Smart-seq3	circRNA candidates	2503	2503	True	0ecd36bb0a74455db7f0affb9ade5023c1934c1dd234aca975365c0b69d8b339	checksum-verified processed-object regeneration
Smart-seq3	nonzero circRNA entries	2659	2659	True	0ecd36bb0a74455db7f0affb9ade5023c1934c1dd234aca975365c0b69d8b339	checksum-verified processed-object regeneration
Smart-seq3	host-gene annotated	2379	2379	True	0ecd36bb0a74455db7f0affb9ade5023c1934c1dd234aca975365c0b69d8b339	checksum-verified processed-object regeneration
Smart-seq3	host-gene fraction	0.950459448661606	0.950459448661606	True	0ecd36bb0a74455db7f0affb9ade5023c1934c1dd234aca975365c0b69d8b339	checksum-verified processed-object regeneration
Smart-seq3	host-gene percent (1 dp)	95.0	95.0	True	0ecd36bb0a74455db7f0affb9ade5023c1934c1dd234aca975365c0b69d8b339	checksum-verified processed-object regeneration
Smart-seq3	median detected circRNAs/cell	12	12.0	True	0ecd36bb0a74455db7f0affb9ade5023c1934c1dd234aca975365c0b69d8b339	checksum-verified processed-object regeneration
Smart-seq3	median total support/cell	22.5	22.5	True	0ecd36bb0a74455db7f0affb9ade5023c1934c1dd234aca975365c0b69d8b339	checksum-verified processed-object regeneration
Smart-seq3	MAN1A2 candidate detecting cells	6	6	True	0ecd36bb0a74455db7f0affb9ade5023c1934c1dd234aca975365c0b69d8b339	checksum-verified processed-object regeneration
Smart-seq3	MAN1A2 candidate total support	15	15.0	True	0ecd36bb0a74455db7f0affb9ade5023c1934c1dd234aca975365c0b69d8b339	checksum-verified processed-object regeneration
IMR90	RNA shape	23x63187	23x63187	True	bb2e12f7c3b36f9fa72d98cd71e8bea905a67f50e22af1d6b713550ee92b60c8	checksum-verified processed-object regeneration
IMR90	circRNA shape	23x2443	23x2443	True	bb2e12f7c3b36f9fa72d98cd71e8bea905a67f50e22af1d6b713550ee92b60c8	checksum-verified processed-object regeneration
IMR90	CNV shape	23x60607	23x60607	True	bb2e12f7c3b36f9fa72d98cd71e8bea905a67f50e22af1d6b713550ee92b60c8	checksum-verified processed-object regeneration
IMR90	trimodal overlap	23	23	True	bb2e12f7c3b36f9fa72d98cd71e8bea905a67f50e22af1d6b713550ee92b60c8	checksum-verified processed-object regeneration
IMR90	host-gene annotated	2429	2429	True	bb2e12f7c3b36f9fa72d98cd71e8bea905a67f50e22af1d6b713550ee92b60c8	checksum-verified processed-object regeneration
IMR90	host-gene fraction	0.994269340974212	0.994269340974212	True	bb2e12f7c3b36f9fa72d98cd71e8bea905a67f50e22af1d6b713550ee92b60c8	checksum-verified processed-object regeneration
IMR90	host-gene percent (1 dp)	99.4	99.4	True	bb2e12f7c3b36f9fa72d98cd71e8bea905a67f50e22af1d6b713550ee92b60c8	checksum-verified processed-object regeneration
