cell_id	UMAP1	UMAP2	circRNA_count	circRNA_total_support
DIYHEK_1	5.712082	0.4441556	11	34.0
DIYHEK_10	8.8085785	1.0179014	10	13.0
DIYHEK_100	5.1417465	0.3816091	25	53.0
DIYHEK_101	10.140186	-0.35893744	22	43.0
DIYHEK_102	10.501577	1.5417852	18	29.0
DIYHEK_103	8.175007	3.8077867	22	59.0
DIYHEK_104	9.173093	-2.1303782	19	47.0
DIYHEK_105	7.239501	2.359699	10	26.0
DIYHEK_106	10.53515	-0.10785787	11	25.0
DIYHEK_107	3.8412848	0.6348209	12	24.0
DIYHEK_108	7.848759	2.438947	23	47.0
DIYHEK_109	8.8436985	2.812314	50	197.0
DIYHEK_11	8.3739195	-0.4754622	1	2.0
DIYHEK_110	7.835658	3.9277527	53	102.0
DIYHEK_111	3.807616	-0.19372462	22	64.0
DIYHEK_112	9.698013	-1.0106293	36	83.0
DIYHEK_113	5.0130014	-0.43212813	25	54.0
DIYHEK_114	8.0090475	4.3010917	26	78.0
DIYHEK_115	9.556932	2.0537205	41	98.0
DIYHEK_116	9.509465	1.4870801	22	48.0
DIYHEK_117	4.141181	0.36789435	13	33.0
DIYHEK_118	9.793841	1.2029727	13	31.0
DIYHEK_119	9.909108	0.19963858	5	6.0
DIYHEK_12	4.2604003	-0.52251434	21	56.0
DIYHEK_120	6.195975	-0.6285095	22	57.0
DIYHEK_121	6.9756365	2.3061326	10	21.0
DIYHEK_122	11.293074	-0.37364843	4	7.0
DIYHEK_123	10.736377	-0.79234546	10	21.0
DIYHEK_124	10.188486	-0.51609427	8	13.0
DIYHEK_125	11.470589	0.29904148	5	11.0
DIYHEK_126	11.051375	0.7245536	8	12.0
DIYHEK_127	10.875589	0.36876228	6	10.0
DIYHEK_128	10.49867	0.28613213	14	22.0
DIYHEK_129	8.539298	-1.1744599	9	11.0
DIYHEK_13	7.3818073	0.39214602	5	10.0
DIYHEK_130	7.475488	3.8537316	13	16.0
DIYHEK_131	8.148309	0.0818077	2	2.0
DIYHEK_132	9.666279	-2.0312972	12	25.0
DIYHEK_133	10.451597	0.63058525	5	8.0
DIYHEK_134	8.194567	4.152487	7	9.0
DIYHEK_135	10.037465	-1.3303413	6	11.0
DIYHEK_136	7.8005514	4.5355206	13	21.0
DIYHEK_137	5.6772923	1.1255742	2	4.0
DIYHEK_138	3.3794386	-0.4586176	11	14.0
DIYHEK_139	9.720671	1.7296145	9	13.0
DIYHEK_14	6.8953676	1.393083	7	10.0
DIYHEK_140	7.018232	0.690008	5	6.0
DIYHEK_141	10.360422	0.2834438	6	11.0
DIYHEK_142	10.023917	1.7752763	4	6.0
DIYHEK_143	10.551177	-0.82537484	2	2.0
DIYHEK_144	8.709918	1.1594037	3	3.0
DIYHEK_145	6.762307	1.643263	4	6.0
DIYHEK_146	8.341834	2.1527488	7	16.0
DIYHEK_147	11.105482	-1.1217577	18	42.0
DIYHEK_148	4.418205	-0.1884155	5	6.0
DIYHEK_149	9.593578	-0.9384651	9	13.0
DIYHEK_15	8.189217	3.1302347	7	9.0
DIYHEK_150	8.820163	0.0820266	3	5.0
DIYHEK_151	5.9066806	0.59907466	3	6.0
DIYHEK_152	8.459248	1.2308307	6	7.0
DIYHEK_153	5.8287067	-0.5794087	22	43.0
DIYHEK_154	9.207109	3.5397854	6	8.0
DIYHEK_155	10.578201	0.7424377	1	1.0
DIYHEK_156	4.5769696	0.6367517	11	16.0
DIYHEK_157	6.7726974	2.6289	12	23.0
DIYHEK_158	10.1024275	-1.2161502	7	19.0
DIYHEK_159	11.018453	-1.3055557	18	38.0
DIYHEK_16	5.2329516	0.6867767	5	8.0
DIYHEK_160	7.7440996	1.934635	12	23.0
DIYHEK_161	7.4671435	3.1342378	9	16.0
DIYHEK_162	3.7417076	-0.3800912	9	13.0
DIYHEK_163	5.137781	0.60921806	9	13.0
DIYHEK_164	8.849422	1.5256772	2	7.0
DIYHEK_165	7.394075	2.9118733	10	12.0
DIYHEK_166	11.545475	-0.6036576	13	17.0
DIYHEK_167	9.610313	0.8796265	3	3.0
DIYHEK_168	7.1230006	0.98602706	2	5.0
DIYHEK_169	9.240116	2.196375	6	13.0
DIYHEK_17	8.407991	-0.19799435	5	9.0
DIYHEK_170	3.3217301	0.032772876	5	8.0
DIYHEK_171	8.77686	2.121323	7	11.0
DIYHEK_172	7.699364	0.1192218	11	22.0
DIYHEK_173	8.742263	3.465519	5	6.0
DIYHEK_174	3.3987901	0.08812406	12	16.0
DIYHEK_175	9.537228	2.6353219	3	3.0
DIYHEK_176	8.894635	3.371513	8	8.0
DIYHEK_177	4.801656	1.0985023	4	7.0
DIYHEK_178	6.794824	3.2854545	1	1.0
DIYHEK_179	8.944472	0.12473324	3	5.0
DIYHEK_18	8.061271	2.9078767	9	22.0
DIYHEK_180	8.299268	2.964652	3	3.0
DIYHEK_181	6.516343	0.58578086	8	12.0
DIYHEK_182	11.152751	-0.9375022	3	4.0
DIYHEK_183	3.983344	0.030322798	8	12.0
DIYHEK_184	8.060915	0.72957754	2	3.0
DIYHEK_185	8.7816105	-0.5826622	17	35.0
DIYHEK_186	10.708998	-0.9982472	3	7.0
DIYHEK_187	8.34261	2.4054275	5	7.0
DIYHEK_188	3.4096978	-0.032232486	9	11.0
DIYHEK_189	9.539145	-0.21250199	2	2.0
DIYHEK_19	7.9016147	1.5568621	2	3.0
DIYHEK_190	4.682024	1.1627653	2	4.0
DIYHEK_191	4.2616444	0.61085516	2	2.0
DIYHEK_192	6.149331	1.0240065	0	0.0
DIYHEK_2	7.341696	3.3978918	6	10.0
DIYHEK_20	8.253175	0.06823343	9	16.0
DIYHEK_21	9.733764	0.507118	9	17.0
DIYHEK_22	10.841548	-0.11445421	19	39.0
DIYHEK_23	4.9510627	0.5271959	2	3.0
DIYHEK_24	10.500182	1.469118	16	28.0
DIYHEK_25	6.428545	1.4283167	6	13.0
DIYHEK_26	7.936054	0.8685013	9	13.0
DIYHEK_27	7.700422	-0.022128731	27	59.0
DIYHEK_28	8.943304	0.69422203	12	21.0
DIYHEK_29	7.419387	4.1952686	20	31.0
DIYHEK_3	8.589888	0.31816122	10	15.0
DIYHEK_30	5.1209517	-0.27917454	19	31.0
DIYHEK_31	4.1034636	-0.09320723	10	20.0
DIYHEK_32	6.443995	-0.83246094	23	48.0
DIYHEK_33	10.049934	-0.25788558	15	26.0
DIYHEK_34	7.815882	-0.97004	18	35.0
DIYHEK_35	8.028135	-1.4718816	14	21.0
DIYHEK_36	8.195297	0.5231947	14	19.0
DIYHEK_37	9.198657	-0.46141595	26	80.0
DIYHEK_38	6.7801266	0.77627206	14	33.0
DIYHEK_39	7.8041973	3.364165	10	16.0
DIYHEK_4	4.7239504	0.11358392	12	25.0
DIYHEK_40	11.171977	-0.114788815	19	50.0
DIYHEK_41	5.4090343	-0.03841804	13	25.0
DIYHEK_42	7.6469264	1.1467454	9	14.0
DIYHEK_43	9.396576	0.0042542177	19	39.0
DIYHEK_44	10.8938	-0.50259906	21	50.0
DIYHEK_45	8.632334	0.87019694	9	17.0
DIYHEK_46	9.377167	0.7047273	26	53.0
DIYHEK_47	4.4338326	0.738992	10	18.0
DIYHEK_48	8.741962	0.14291878	22	48.0
DIYHEK_49	9.693008	-0.6582334	26	53.0
DIYHEK_5	7.6184864	4.031915	16	30.0
DIYHEK_50	8.789549	1.0148089	18	38.0
DIYHEK_51	10.648387	1.2500899	23	48.0
DIYHEK_52	8.197754	1.6798283	17	39.0
DIYHEK_53	9.820156	2.4054887	11	17.0
DIYHEK_54	10.635702	-1.5953791	12	29.0
DIYHEK_55	9.644132	-0.012560103	21	59.0
DIYHEK_56	8.314236	-0.76804227	15	29.0
DIYHEK_57	7.5880804	-1.4052378	16	44.0
DIYHEK_58	7.5476947	-0.44338575	29	61.0
DIYHEK_59	7.125284	0.054209176	11	23.0
DIYHEK_6	10.9320345	0.12154657	18	30.0
DIYHEK_60	8.9615755	-0.7882718	15	36.0
DIYHEK_61	8.610724	2.522397	11	24.0
DIYHEK_62	7.8840103	1.2003611	19	54.0
DIYHEK_63	8.551388	-1.6235466	19	53.0
DIYHEK_64	4.2738643	-0.36872038	20	62.0
DIYHEK_65	9.13506	-1.2962893	17	40.0
DIYHEK_66	9.959077	-0.5688566	15	36.0
DIYHEK_67	9.949092	0.7372141	10	17.0
DIYHEK_68	9.818465	2.0759828	23	52.0
DIYHEK_69	9.310812	-1.3531454	16	45.0
DIYHEK_7	9.085661	-0.83408624	11	24.0
DIYHEK_70	6.739944	-0.08931018	35	82.0
DIYHEK_71	10.637027	1.3670821	13	26.0
DIYHEK_72	8.499765	-1.6875782	28	69.0
DIYHEK_73	7.5951304	3.0274615	13	30.0
DIYHEK_74	9.868324	1.0110879	21	57.0
DIYHEK_75	7.661986	2.3127453	31	68.0
DIYHEK_76	9.639971	1.6582013	23	38.0
DIYHEK_77	9.010945	-1.2173613	17	36.0
DIYHEK_78	8.432519	4.102759	13	22.0
DIYHEK_79	7.025893	-0.8358223	20	30.0
DIYHEK_8	8.457887	3.2656565	10	19.0
DIYHEK_80	8.954744	1.5378357	16	52.0
DIYHEK_81	4.794335	0.32185465	15	41.0
DIYHEK_82	8.126071	-1.5734382	26	66.0
DIYHEK_83	7.687065	1.5170757	14	23.0
DIYHEK_84	6.731026	-0.8685194	30	66.0
DIYHEK_85	5.1910396	-0.6807153	21	53.0
DIYHEK_86	7.5332327	0.48875543	21	42.0
DIYHEK_87	3.7972896	0.11313854	33	96.0
DIYHEK_88	4.0739803	0.8723081	40	97.0
DIYHEK_89	9.926721	-1.6541466	16	34.0
DIYHEK_9	10.500013	2.0389206	7	12.0
DIYHEK_90	7.1403527	-0.69665855	28	53.0
DIYHEK_91	4.66837	-0.0755538	27	72.0
DIYHEK_92	8.90467	-0.6040796	28	72.0
DIYHEK_93	7.2560363	1.7010255	13	21.0
DIYHEK_94	10.243591	0.49800077	12	29.0
DIYHEK_95	7.3931026	1.066462	21	50.0
DIYHEK_96	9.049556	-1.9768262	29	69.0
DIYHEK_97	7.1489663	1.7797055	18	38.0
DIYHEK_98	8.986145	2.4999688	33	71.0
DIYHEK_99	9.452895	0.703932	33	82.0
