dataset	rank	host_gene	n_circRNAs	n_cells_detected	total_support	max_cell_support	mean_support_detected	host_gene_source_counts	circRNA_ids	umap_detected_spread_ratio	umap_detected_area_fraction	umap_detected_centroid_x	umap_detected_centroid_y	score_n_cells_pct	score_total_support_pct	score_n_circRNAs_pct	score_spread_pct	combined_score
Smart-seq3	1	UBAP2	9	11	58.0	13.0	5.2727272727272725	"{""gtf"":9}"	chr9:33953285|33996333;chr9:33960826|33989126;chr9:33986760|34017189;chr9:33971651|33996333;chr9:33986760|33998864;chr9:33971651|33989126;chr9:33960826|33996333;chr9:34033981|34035284;chr9:33996223|34017189					0.9956798544793087	1.0	0.9997726239199636	0.5	0.973681218735789
Smart-seq3	2	PALS2	8	12	23.0	7.0	1.9166666666666667	"{""gtf"":8}"	chr7:24641716|24680520;chr7:24623666|24668660;chr7:24641716|24668660;chr7:24649612|24668660;chr7:24620052|24668660;chr7:24623666|24680520;chr7:24620052|24680520;chr7:24623663|24668660					0.9979536152796725	0.9940882219190541	0.9988631195998181	0.5	0.9710209185993633
Smart-seq3	3	DNAJC1	6	8	27.0	6.0	3.375	"{""gtf"":6}"	chr10:21904522|21920963;chr10:21882282|21929141;chr10:21882282|21920963;chr10:21882282|21919929;chr10:21940385|21944835;chr10:21853717|21866057					0.992269213278763	0.9972714870395635	0.9961346066393816	0.5	0.970793542519327
Smart-seq3	4	CHD2	6	8	26.0	9.0	3.25	"{""gtf"":6}"	chr15:92996957|92998621;chr15:92920061|92924090;chr15:92996957|93002317;chr15:93000512|93009323;chr15:93015357|93019622;chr15:92921190|92946340					0.992269213278763	0.9963619827194179	0.9961346066393816	0.5	0.9702933151432469
Smart-seq3	5	N4BP2L2	5	7	26.0	8.0	3.7142857142857144	"{""gtf"":5}"	chr13:32517857|32527532;chr13:32481055|32483919;chr13:32486151|32487946;chr13:32525445|32532833;chr13:32530004|32533717					0.9911323328785812	0.9963619827194179	0.9915870850386539	0.5	0.9694974988631196
Smart-seq3	6	MAN1A2	3	12	31.0	6.0	2.5833333333333335	"{""gtf"":3}"	chr1:117402186|117405645;chr1:117402186|117420649;chr1:117402186|117414831					0.9979536152796725	0.9995452478399273	0.9520236471123238	0.5	0.9693383356070943
Smart-seq3	7	ENSG00000269967	3	15	29.0	4.0	1.9333333333333333	"{""gtf"":3}"	chr1:31915895|31919658;chr1:31910038|31931142;chr1:31911696|31919658					0.9995452478399273	0.9984083674397454	0.9520236471123238	0.5	0.9691905411550706
Smart-seq3	8	ENSG00000288678	3	15	29.0	4.0	1.9333333333333333	"{""gtf"":3}"	chr1:31915895|31919658;chr1:31910038|31931142;chr1:31911696|31919658					0.9995452478399273	0.9984083674397454	0.9520236471123238	0.5	0.9691905411550706
Smart-seq3	9	PTP4A2	3	15	29.0	4.0	1.9333333333333333	"{""gtf"":3}"	chr1:31915895|31919658;chr1:31910038|31931142;chr1:31911696|31919658					0.9995452478399273	0.9984083674397454	0.9520236471123238	0.5	0.9691905411550706
Smart-seq3	10	Y_RNA	9	9	18.0	7.0	2.0	"{""gtf"":9}"	chr7:102330389|102384393;chr20:34377210|34385885;chr10:97409662|97437750;chr12:31500483|31507379;chr12:123348172|123350309;chr18:23022271|23026122;chr11:47721681|47732536;chr8:99431537|99577633;chr12:49129500|49186458					0.9936334697589814	0.9895407003183265	0.9997726239199636	0.5	0.9673146884947704
Smart-seq3	11	FAM222B	6	6	22.0	10.0	3.6666666666666665	"{""gtf"":6}"	chr17:28825206|28829166;chr17:28827399|28829969;chr17:28768624|28771466;chr17:28829993|28831649;chr17:28795529|28797103;chr17:28832065|28836992					0.9888585720782174	0.9927239654388358	0.9961346066393816	0.5	0.9672692132787631
Smart-seq3	12	GTPBP3	3	12	25.0	7.0	2.0833333333333335	"{""gtf"":3}"	chr19:17332272|17339599;chr19:17332292|17339599;chr19:17332268|17339599					0.9979536152796725	0.995225102319236	0.9520236471123238	0.5	0.9669622555707139
Smart-seq3	13	LARP1B	4	8	22.0	5.0	2.75	"{""gtf"":4}"	chr4:128074460|128091512;chr4:128074460|128082305;chr4:128074460|128077962;chr4:128074460|128091144					0.992269213278763	0.9927239654388358	0.9806730331969077	0.5	0.9667462482946795
Smart-seq3	14	DDX46	5	5	25.0	19.0	5.0	"{""gtf"":5}"	chr5:134854898|134855327;chr5:134852906|134853822;chr5:134788753|134813036;chr5:134829845|134832947;chr5:134852229|134853781					0.9824920418371987	0.995225102319236	0.9915870850386539	0.5	0.9662801273306049
Smart-seq3	15	SLIT2	7	7	17.0	6.0	2.4285714285714284	"{""gtf"":7}"	chr4:20280269|20280877;chr4:20375957|20377810;chr4:20306090|20310621;chr4:20336440|20356458;chr4:20587250|20600837;chr4:20339001|20340695;chr4:20541453|20598395					0.9911323328785812	0.9879490677580719	0.9979536152796725	0.5	0.9655070486584812
Smart-seq3	16	UBC	8	12	14.0	2.0	1.1666666666666667	"{""gtf"":8}"	chr12:124912507|124913646;chr12:124912584|124913267;chr12:124912507|124913190;chr12:124912181|124913320;chr12:124911900|124912583;chr12:124911900|124913723;chr12:124911823|124912734;chr12:124912409|124913320					0.9979536152796725	0.982037289677126	0.9988631195998181	0.5	0.9643929058663029
Smart-seq3	17	EIF4G3	7	5	17.0	8.0	3.4	"{""gtf"":7}"	chr1:20960341|21082460;chr1:21013416|21014499;chr1:20941491|20950108;chr1:21117205|21127329;chr1:20997601|21050994;chr1:21083484|21087362;chr1:21169191|21169916					0.9824920418371987	0.9879490677580719	0.9979536152796725	0.5	0.9629149613460665
Smart-seq3	18	PTBP2	5	6	14.0	7.0	2.3333333333333335	"{""gtf"":5}"	chr1:96751425|96785254;chr1:96751425|96777946;chr1:96738506|96739856;chr1:96797221|96801029;chr1:96737123|96745504					0.9888585720782174	0.982037289677126	0.9915870850386539	0.5	0.96093678944975
Smart-seq3	19	JMJD1C	5	5	15.0	5.0	3.0	"{""gtf"":5}"	chr10:63418864|63421121;chr10:63290528|63294366;chr10:63454590|63458882;chr10:63180289|63183138;chr10:63266901|63278254					0.9824920418371987	0.9845384265575261	0.9915870850386539	0.5	0.9604024556616645
Smart-seq3	20	RAD54L2	4	5	15.0	6.0	3.0	"{""gtf"":4}"	chr3:51541498|51552063;chr3:51539544|51541342;chr3:51596177|51601260;chr3:51542752|51555255					0.9824920418371987	0.9845384265575261	0.9806730331969077	0.5	0.9593110504774899
Smart-seq3	21	YWHAE	5	5	14.0	10.0	2.8	"{""gtf"":5}"	chr17:1354211|1365058;chr17:1393680|1394748;chr17:1381491|1382130;chr17:1353313|1370874;chr17:1356292|1360093					0.9824920418371987	0.982037289677126	0.9915870850386539	0.5	0.9590268303774444
Smart-seq3	22	DYNC2I1	2	11	29.0	7.0	2.6363636363636362	"{""gtf"":2}"	chr7:158869855|158876691;chr7:158876609|158891333					0.9956798544793087	0.9984083674397454	0.8556161891768986	0.5	0.9583901773533425
Smart-seq3	23	FOXK2	5	6	12.0	6.0	2.0	"{""gtf"":5}"	chr17:82584189|82585881;chr17:82528047|82529336;chr17:82529685|82531459;chr17:82563354|82568201;chr17:82584475|82585743					0.9888585720782174	0.9770350159163256	0.9915870850386539	0.5	0.9581855388813098
Smart-seq3	24	BARD1	5	5	13.0	3.0	2.6	"{""gtf"":5}"	chr2:214727660|214781509;chr2:214752447|214797117;chr2:214791496|214793000;chr2:214767482|214781509;chr2:214780560|214781509					0.9824920418371987	0.9797635288767622	0.9915870850386539	0.5	0.9577762619372444
Smart-seq3	25	UHRF1	5	5	13.0	4.0	2.6	"{""gtf"":5}"	chr19:4936697|4940614;chr19:4951218|4952128;chr19:4936705|4937544;chr19:4936737|4942089;chr19:4951092|4952502					0.9824920418371987	0.9797635288767622	0.9915870850386539	0.5	0.9577762619372444
Smart-seq3	26	PHACTR4	4	4	18.0	9.0	4.5	"{""gtf"":4}"	chr1:28392682|28394001;chr1:28447290|28452364;chr1:28447544|28450130;chr1:28433032|28434026					0.9681673487949067	0.9895407003183265	0.9806730331969077	0.5	0.9577648931332424
Smart-seq3	27	HSCB	2	11	24.0	6.0	2.1818181818181817	"{""gtf"":2}"	chr22:28757078|28822179;chr22:28750037|28757271					0.9956798544793087	0.9945429740791268	0.8556161891768986	0.5	0.9562642110050024
Smart-seq3	28	PIGL	6	6	11.0	3.0	1.8333333333333333	"{""gtf"":6}"	chr17:16239358|16239877;chr17:16241376|16242823;chr17:16237627|16254946;chr17:16313547|16316712;chr17:16234701|16235497;chr17:16239342|16239897					0.9888585720782174	0.9727148703956344	0.9961346066393816	0.5	0.9562642110050024
Smart-seq3	29	SPEN	6	6	11.0	3.0	1.8333333333333333	"{""gtf"":6}"	chr1:15843725|15844700;chr1:15889993|15895065;chr1:15892886|15896401;chr1:15861972|15863178;chr1:15900135|15908013;chr1:15904374|15908517					0.9888585720782174	0.9727148703956344	0.9961346066393816	0.5	0.9562642110050024
Smart-seq3	30	AUTS2	5	4	15.0	10.0	3.75	"{""gtf"":5}"	chr7:70179461|70182272;chr7:70739429|70757940;chr7:69779504|69782104;chr7:69715118|69783893;chr7:70191460|70192887					0.9681673487949067	0.9845384265575261	0.9915870850386539	0.5	0.9561050477489769
Smart-seq3	31	CRLF3	4	4	16.0	9.0	4.0	"{""gtf"":4}"	chr17:30817842|30820727;chr17:30779873|30780882;chr17:30774028|30783364;chr17:30816157|30817312					0.9681673487949067	0.9863574351978172	0.9806730331969077	0.5	0.9560140973169623
Smart-seq3	32	CCDC117	2	11	22.0	6.0	2.0	"{""gtf"":2}"	chr22:28757078|28822179;chr22:28760121|28822179					0.9956798544793087	0.9927239654388358	0.8556161891768986	0.5	0.9552637562528423
Smart-seq3	33	ENSG00000226471	2	11	22.0	6.0	2.0	"{""gtf"":2}"	chr22:28757078|28822179;chr22:28760121|28822179					0.9956798544793087	0.9927239654388358	0.8556161891768986	0.5	0.9552637562528423
Smart-seq3	34	ENSG00000272858	2	11	22.0	6.0	2.0	"{""gtf"":2}"	chr22:28757078|28822179;chr22:28760121|28822179					0.9956798544793087	0.9927239654388358	0.8556161891768986	0.5	0.9552637562528423
Smart-seq3	35	GNB1	4	4	15.0	9.0	3.75	"{""gtf"":4}"	chr1:1887904|1888643;chr1:1859934|1870217;chr1:1834751|1837641;chr1:1806936|1810156					0.9681673487949067	0.9845384265575261	0.9806730331969077	0.5	0.9550136425648023
Smart-seq3	36	ZNF346	4	4	15.0	7.0	3.75	"{""gtf"":4}"	chr5:177024476|177032145;chr5:177047751|177048894;chr5:177046237|177049887;chr5:177035718|177040426					0.9681673487949067	0.9845384265575261	0.9806730331969077	0.5	0.9550136425648023
Smart-seq3	37	INO80	4	4	14.0	10.0	3.5	"{""gtf"":4}"	chr15:41074827|41077982;chr15:41102638|41104619;chr15:41086046|41086586;chr15:41014750|41046481					0.9681673487949067	0.982037289677126	0.9806730331969077	0.5	0.9536380172805822
Smart-seq3	38	MIER1	2	6	18.0	9.0	3.0	"{""gtf"":2}"	chr1:66958059|66963160;chr1:66936826|66940940					0.9888585720782174	0.9895407003183265	0.8556161891768986	0.5	0.9514665757162347
Smart-seq3	39	GUSBP1	4	4	12.0	8.0	3.0	"{""gtf"":4}"	chr5:21491321|21495182;chr5:21490782|21491121;chr5:21479655|21497196;chr5:21491321|21497196					0.9681673487949067	0.9770350159163256	0.9806730331969077	0.5	0.950886766712142
Smart-seq3	40	AFDN	3	4	13.0	7.0	3.25	"{""gtf"":3}"	chr6:167864551|167891029;chr6:167870383|167902386;chr6:167870383|167880517					0.9681673487949067	0.9797635288767622	0.9520236471123238	0.5	0.9495225102319237
Smart-seq3	41	OSTCP8	3	3	26.0	13.0	8.666666666666666	"{""gtf"":3}"	chr9:33953285|33996333;chr9:33960826|33989126;chr9:33960826|33996333					0.9347430650295588	0.9963619827194179	0.9520236471123238	0.5	0.94862437471578
Smart-seq3	42	PBRM1	4	4	11.0	5.0	2.75	"{""gtf"":4}"	chr3:52626193|52628893;chr3:52586588|52593074;chr3:52571716|52573285;chr3:52678500|52684914					0.9681673487949067	0.9727148703956344	0.9806730331969077	0.5	0.9485106866757619
Smart-seq3	43	MRTFA	6	6	9.0	2.0	1.5	"{""gtf"":6}"	chr22:40470467|40473184;chr22:40451962|40454844;chr22:40598733|40619629;chr22:40412952|40413520;chr22:40429813|40431404;chr22:40614723|40615920					0.9888585720782174	0.9570259208731241	0.9961346066393816	0.5	0.9476352887676217
Smart-seq3	44	ENSG00000259316	4	3	17.0	10.0	5.666666666666667	"{""gtf"":4}"	chr15:64191345|64193260;chr15:64202951|64206046;chr15:64368490|64374474;chr15:64191376|64193260					0.9347430650295588	0.9879490677580719	0.9806730331969077	0.5	0.9468622100954981
Smart-seq3	45	C5orf24	3	3	21.0	19.0	7.0	"{""gtf"":3}"	chr5:134854898|134855327;chr5:134852906|134853822;chr5:134852229|134853781					0.9347430650295588	0.9913597089586176	0.9520236471123238	0.5	0.9458731241473398
Smart-seq3	46	USP48	3	4	11.0	5.0	2.75	"{""gtf"":3}"	chr1:21715389|21724095;chr1:21715389|21721764;chr1:21778066|21778901					0.9681673487949067	0.9727148703956344	0.9520236471123238	0.5	0.9456457480673034
Smart-seq3	47	MIR924HG	4	4	10.0	4.0	2.5	"{""gtf"":4}"	chr18:39645659|39648903;chr18:39414320|39416014;chr18:39520696|39522168;chr18:39378236|39379587					0.9681673487949067	0.9668030923146885	0.9806730331969077	0.5	0.9452592087312416
Smart-seq3	48	SLC35E3	4	4	10.0	5.0	2.5	"{""gtf"":4}"	chr12:68715627|68746779;chr12:68763620|68766211;chr12:68700726|68746779;chr12:68709238|68746779					0.9681673487949067	0.9668030923146885	0.9806730331969077	0.5	0.9452592087312416
Smart-seq3	49	PGAP1	2	4	16.0	9.0	4.0	"{""gtf"":2}"	chr2:196912882|196923125;chr2:196854034|196855192					0.9681673487949067	0.9863574351978172	0.8556161891768986	0.5	0.9435084129149613
Smart-seq3	50	BRWD1	3	4	10.0	6.0	2.5	"{""gtf"":3}"	chr21:39271215|39272717;chr21:39247701|39280248;chr21:39307147|39310425					0.9681673487949067	0.9668030923146885	0.9520236471123238	0.5	0.9423942701227831
Smart-seq3	51	ASH1L	5	4	9.0	4.0	2.25	"{""gtf"":5}"	chr1:155395459|155405023;chr1:155544869|155556150;chr1:155405612|155413387;chr1:155405617|155413392;chr1:155521100|155521618					0.9681673487949067	0.9570259208731241	0.9915870850386539	0.5	0.9409731696225557
Smart-seq3	52	CHD6	3	3	14.0	7.0	4.666666666666667	"{""gtf"":3}"	chr20:41533050|41551360;chr20:41512846|41514952;chr20:41512846|41551360					0.9347430650295588	0.982037289677126	0.9520236471123238	0.5	0.9407457935425195
Smart-seq3	53	ATAD5	4	4	9.0	4.0	2.25	"{""gtf"":4}"	chr17:30867911|30868620;chr17:30882526|30887717;chr17:30852984|30865267;chr17:30856955|30887372					0.9681673487949067	0.9570259208731241	0.9806730331969077	0.5	0.9398817644383811
Smart-seq3	54	CTCF	4	4	9.0	5.0	2.25	"{""gtf"":4}"	chr16:67566812|67570681;chr16:67600479|67612665;chr16:67603610|67604919;chr16:67610824|67612121					0.9681673487949067	0.9570259208731241	0.9806730331969077	0.5	0.9398817644383811
Smart-seq3	55	NUP107	4	4	9.0	5.0	2.25	"{""gtf"":4}"	chr12:68715627|68746779;chr12:68700726|68746779;chr12:68690253|68691220;chr12:68709238|68746779					0.9681673487949067	0.9570259208731241	0.9806730331969077	0.5	0.9398817644383811
Smart-seq3	56	TASOR2	2	4	12.0	6.0	3.0	"{""gtf"":2}"	chr10:5699525|5714207;chr10:5699525|5699737					0.9681673487949067	0.9770350159163256	0.8556161891768986	0.5	0.9383810823101411
Smart-seq3	57	PDSS2	3	3	12.0	9.0	4.0	"{""gtf"":3}"	chr6:107250938|107254115;chr6:107410268|107411480;chr6:107193822|107197898					0.9347430650295588	0.9770350159163256	0.9520236471123238	0.5	0.9379945429740791
Smart-seq3	58	MARK3	3	4	9.0	6.0	2.25	"{""gtf"":3}"	chr14:103451918|103457212;chr14:103479772|103480146;chr14:103448919|103468186					0.9681673487949067	0.9570259208731241	0.9520236471123238	0.5	0.9370168258299226
Smart-seq3	59	ENSG00000272657	4	5	8.0	3.0	1.6	"{""gtf"":4}"	chr21:34084571|34085940;chr21:34102835|34125480;chr21:34084571|34085961;chr21:34102835|34103519					0.9824920418371987	0.942019099590723	0.9806730331969077	0.5	0.9359254206457482
Smart-seq3	60	MRPS6	4	5	8.0	3.0	1.6	"{""gtf"":4}"	chr21:34084571|34085940;chr21:34102835|34125480;chr21:34084571|34085961;chr21:34102835|34103519					0.9824920418371987	0.942019099590723	0.9806730331969077	0.5	0.9359254206457482
Smart-seq3	61	SLC5A3	4	5	8.0	3.0	1.6	"{""gtf"":4}"	chr21:34084571|34085940;chr21:34102835|34125480;chr21:34084571|34085961;chr21:34102835|34103519					0.9824920418371987	0.942019099590723	0.9806730331969077	0.5	0.9359254206457482
Smart-seq3	62	KLC1	3	3	11.0	5.0	3.6666666666666665	"{""gtf"":3}"	chr14:103682300|103684106;chr14:103693874|103694598;chr14:103589419|103590210					0.9347430650295588	0.9727148703956344	0.9520236471123238	0.5	0.935618462937699
Smart-seq3	63	RIF1	3	3	11.0	9.0	3.6666666666666665	"{""gtf"":3}"	chr2:151420505|151421475;chr2:151451606|151469864;chr2:151441905|151443709					0.9347430650295588	0.9727148703956344	0.9520236471123238	0.5	0.935618462937699
Smart-seq3	64	DIAPH3	3	3	10.0	8.0	3.3333333333333335	"{""gtf"":3}"	chr13:59908297|59910651;chr13:59774189|59810923;chr13:59762435|59763406					0.9347430650295588	0.9668030923146885	0.9520236471123238	0.5	0.9323669849931787
Smart-seq3	65	RNF169	3	3	10.0	5.0	3.3333333333333335	"{""gtf"":3}"	chr11:74789626|74810330;chr11:74789626|74817714;chr11:74762893|74765499					0.9347430650295588	0.9668030923146885	0.9520236471123238	0.5	0.9323669849931787
Smart-seq3	66	BPTF	4	4	8.0	5.0	2.0	"{""gtf"":4}"	chr17:67881750|67885281;chr17:67886128|67975958;chr17:67853940|67866687;chr17:67855199|67857647					0.9681673487949067	0.942019099590723	0.9806730331969077	0.5	0.9316280127330606
Smart-seq3	67	EZH2	4	4	8.0	4.0	2.0	"{""gtf"":4}"	chr7:148870762|148871662;chr7:148870472|148871836;chr7:148846470|148847305;chr7:148864520|148866802					0.9681673487949067	0.942019099590723	0.9806730331969077	0.5	0.9316280127330606
Smart-seq3	68	NCOR1	4	4	8.0	3.0	2.0	"{""gtf"":4}"	chr17:16079964|16146548;chr17:16043612|16046547;chr17:16117888|16139186;chr17:16092953|16094152					0.9681673487949067	0.942019099590723	0.9806730331969077	0.5	0.9316280127330606
Smart-seq3	69	NFIA	4	4	8.0	4.0	2.0	"{""gtf"":4}"	chr1:61158875|61186527;chr1:61129068|61132922;chr1:61455731|61458808;chr1:61128577|61129267					0.9681673487949067	0.942019099590723	0.9806730331969077	0.5	0.9316280127330606
Smart-seq3	70	NPM1	4	4	8.0	4.0	2.0	"{""gtf"":4}"	chr5:171396217|171396740;chr5:171400153|171400925;chr5:171395395|171396074;chr5:171395545|171396258					0.9681673487949067	0.942019099590723	0.9806730331969077	0.5	0.9316280127330606
Smart-seq3	71	RABGAP1L	4	4	8.0	4.0	2.0	"{""gtf"":4}"	chr1:174454797|174457612;chr1:174108821|174231355;chr1:174814966|174818732;chr1:174245350|174251078					0.9681673487949067	0.942019099590723	0.9806730331969077	0.5	0.9316280127330606
Smart-seq3	72	UBA1	4	4	8.0	3.0	2.0	"{""gtf"":4}"	chrX:47199576|47215057;chrX:47204033|47204977;chrX:47206445|47209588;chrX:47201006|47206134					0.9681673487949067	0.942019099590723	0.9806730331969077	0.5	0.9316280127330606
Smart-seq3	73	MRPL42	2	3	12.0	5.0	4.0	"{""gtf"":2}"	chr12:93504372|93508864;chr12:93504372|93506495					0.9347430650295588	0.9770350159163256	0.8556161891768986	0.5	0.9283537971805367
Smart-seq3	74	GIGYF2	3	3	9.0	4.0	3.0	"{""gtf"":3}"	chr2:232769435|232784358;chr2:232782341|232784654;chr2:232801429|232804586					0.9347430650295588	0.9570259208731241	0.9520236471123238	0.5	0.9269895407003185
Smart-seq3	75	MAST2	3	3	9.0	6.0	3.0	"{""gtf"":3}"	chr1:45936675|45937964;chr1:45930357|45931771;chr1:45930312|45932421					0.9347430650295588	0.9570259208731241	0.9520236471123238	0.5	0.9269895407003185
Smart-seq3	76	NSD1	3	3	9.0	6.0	3.0	"{""gtf"":3}"	chr5:177151280|177153524;chr5:177135115|177142358;chr5:177140571|177141960					0.9347430650295588	0.9570259208731241	0.9520236471123238	0.5	0.9269895407003185
Smart-seq3	77	PPP6R3	3	3	9.0	5.0	3.0	"{""gtf"":3}"	chr11:68476921|68479839;chr11:68483760|68510032;chr11:68480010|68487276					0.9347430650295588	0.9570259208731241	0.9520236471123238	0.5	0.9269895407003185
Smart-seq3	78	RABEP1	3	3	9.0	5.0	3.0	"{""gtf"":3}"	chr17:5302452|5303819;chr17:5297345|5308822;chr17:5311041|5312381					0.9347430650295588	0.9570259208731241	0.9520236471123238	0.5	0.9269895407003185
Smart-seq3	79	EMC2	2	3	11.0	6.0	3.6666666666666665	"{""gtf"":2}"	chr8:108449823|108450492;chr8:108449823|108455930					0.9347430650295588	0.9727148703956344	0.8556161891768986	0.5	0.9259777171441566
Smart-seq3	80	KMT2E	2	3	11.0	8.0	3.6666666666666665	"{""gtf"":2}"	chr7:105078846|105091314;chr7:105073619|105081797					0.9347430650295588	0.9727148703956344	0.8556161891768986	0.5	0.9259777171441566
Smart-seq3	81	CFDP1	5	5	7.0	3.0	1.4	"{""gtf"":5}"	chr16:75352240|75358082;chr16:75366635|75369834;chr16:75366621|75369818;chr16:75351938|75353678;chr16:75346506|75363505					0.9824920418371987	0.9195088676671214	0.9915870850386539	0.5	0.9246361982719419
Smart-seq3	82	ENSG00000271793	5	5	7.0	2.0	1.4	"{""gtf"":5}"	chr6:85616686|85618347;chr6:85572137|85663726;chr6:85618818|85619417;chr6:85600729|85605398;chr6:85587927|85590362					0.9824920418371987	0.9195088676671214	0.9915870850386539	0.5	0.9246361982719419
Smart-seq3	83	SRPK2	5	5	7.0	2.0	1.4	"{""gtf"":5}"	chr7:105335831|105349396;chr7:105288615|105297823;chr7:105371173|105375450;chr7:105371920|105372875;chr7:105147562|105159312					0.9824920418371987	0.9195088676671214	0.9915870850386539	0.5	0.9246361982719419
Smart-seq3	84	PNN	2	3	10.0	6.0	3.3333333333333335	"{""gtf"":2}"	chr14:39176527|39177916;chr14:39179091|39179462					0.9347430650295588	0.9668030923146885	0.8556161891768986	0.5	0.9227262391996363
Smart-seq3	85	RAB6A	2	3	10.0	6.0	3.3333333333333335	"{""gtf"":2}"	chr11:73693448|73694596;chr11:73670722|73697412					0.9347430650295588	0.9668030923146885	0.8556161891768986	0.5	0.9227262391996363
Smart-seq3	86	SLMAP	4	3	8.0	5.0	2.6666666666666665	"{""gtf"":4}"	chr3:57764393|57767032;chr3:57764328|57766821;chr3:57764265|57767099;chr3:57775192|57778114					0.9347430650295588	0.942019099590723	0.9806730331969077	0.5	0.9216007276034562
Smart-seq3	87	XPO1	4	4	7.0	4.0	1.75	"{""gtf"":4}"	chr2:61498673|61499894;chr2:61510263|61516496;chr2:61522611|61533903;chr2:61510081|61512941					0.9681673487949067	0.9195088676671214	0.9806730331969077	0.5	0.9192473851750796
Smart-seq3	88	DAP3	3	3	8.0	5.0	2.6666666666666665	"{""gtf"":3}"	chr1:155611983|155747407;chr1:155725382|155727738;chr1:155612418|155747896					0.9347430650295588	0.942019099590723	0.9520236471123238	0.5	0.9187357889949977
Smart-seq3	89	ENSG00000244332	3	3	8.0	4.0	2.6666666666666665	"{""gtf"":3}"	chr10:94608027|94610909;chr10:94577971|94579295;chr10:94604356|94605313					0.9347430650295588	0.942019099590723	0.9520236471123238	0.5	0.9187357889949977
Smart-seq3	90	ENSG00000277701	3	3	8.0	4.0	2.6666666666666665	"{""gtf"":3}"	chr2:97276699|97430992;chr2:97272585|97430235;chr2:97278365|97281503					0.9347430650295588	0.942019099590723	0.9520236471123238	0.5	0.9187357889949977
Smart-seq3	91	GPC6	3	3	8.0	3.0	2.6666666666666665	"{""gtf"":3}"	chr13:93930502|93933695;chr13:93670770|93671556;chr13:93930502|93969772					0.9347430650295588	0.942019099590723	0.9520236471123238	0.5	0.9187357889949977
Smart-seq3	92	HELLS	3	3	8.0	4.0	2.6666666666666665	"{""gtf"":3}"	chr10:94608027|94610909;chr10:94577971|94579295;chr10:94604356|94605313					0.9347430650295588	0.942019099590723	0.9520236471123238	0.5	0.9187357889949977
Smart-seq3	93	NMT2	3	3	8.0	4.0	2.6666666666666665	"{""gtf"":3}"	chr10:15108547|15113356;chr10:15133245|15231188;chr10:15128350|15141557					0.9347430650295588	0.942019099590723	0.9520236471123238	0.5	0.9187357889949977
Smart-seq3	94	PARD3	3	3	8.0	4.0	2.6666666666666665	"{""gtf"":3}"	chr10:34263554|34264876;chr10:34666153|34690070;chr10:34730763|34743255					0.9347430650295588	0.942019099590723	0.9520236471123238	0.5	0.9187357889949977
Smart-seq3	95	RBM25	3	3	8.0	6.0	2.6666666666666665	"{""gtf"":3}"	chr14:73106011|73111662;chr14:73064682|73066321;chr14:73089049|73089455					0.9347430650295588	0.942019099590723	0.9520236471123238	0.5	0.9187357889949977
Smart-seq3	96	TMCC1	3	3	8.0	4.0	2.6666666666666665	"{""gtf"":3}"	chr3:129877190|129878040;chr3:129761731|129770255;chr3:129874732|129879180					0.9347430650295588	0.942019099590723	0.9520236471123238	0.5	0.9187357889949977
Smart-seq3	97	NNT-AS1	2	3	9.0	4.0	3.0	"{""gtf"":2}"	chr5:43533738|43583566;chr5:43575483|43575935					0.9347430650295588	0.9570259208731241	0.8556161891768986	0.5	0.9173487949067759
Smart-seq3	98	PTK2	3	4	7.0	4.0	1.75	"{""gtf"":3}"	chr8:140708791|140710121;chr8:140879471|140890769;chr8:140927281|140967542					0.9681673487949067	0.9195088676671214	0.9520236471123238	0.5	0.9163824465666212
Smart-seq3	99	MTF2	3	2	17.0	9.0	8.5	"{""gtf"":3}"	chr1:93120673|93127200;chr1:93120673|93127204;chr1:93134575|93135557					0.8358344702137335	0.9879490677580719	0.9520236471123238	0.5	0.914324693042292
Smart-seq3	100	NAA25	5	6	6.0	1.0	1.0	"{""gtf"":5}"	chr12:112058997|112059917;chr12:112039229|112049611;chr12:112100257|112103081;chr12:112033233|112049611;chr12:112070154|112071413					0.9888585720782174	0.8888130968622101	0.9915870850386539	0.5	0.9096634834015462
HAP1	1	UBC	28	38	200.0	19.0	5.2631578947368425	"{""gtf"":28}"	chr12:124912181|124912864;chr12:124912637|124913092;chr12:124912409|124912864;chr12:124912507|124913190;chr12:124912637|124912864;chr12:124913268|124913723;chr12:124911823|124913190;chr12:124912584|124913267;chr12:124912637|124913548;chr12:124911953|124913320;chr12:124911823|124912506;chr12:124912428|124912883;chr12:124912963|124913646;chr12:124912200|124913567;chr12:124911823|124913646;chr12:124913191|124913646;chr12:124911900|124913495;chr12:124913321|124913723;chr12:124912507|124913646;chr12:124911900|124913723;chr12:124912507|124913418;chr12:124912963|124913190;chr12:124912663|124913346;chr12:124912507|124912734;chr12:124913419|124913646;chr12:124911972|124912655;chr12:124913040|124913723;chr12:124911900|124913267					0.9992716678805535	0.9989075018208303	1.0	0.5	0.9741806263656227
HAP1	2	LINC00632	5	39	1844.0	178.0	47.282051282051285	"{""gtf"":5}"	chrX:140783175|140784659;chrX:140783255|140784114;chrX:140784093|140784308;chrX:140784457|140784659;chrX:140783200|140784042					0.9996358339402768	1.0	0.9839766933721777	0.5	0.9732884195193009
HAP1	3	NFATC3	6	15	130.0	29.0	8.666666666666666	"{""gtf"":6}"	chr16:68121987|68126610;chr16:68121987|68123121;chr16:68174374|68191775;chr16:68121987|68174514;chr16:68166843|68191775;chr16:68121987|68181530					0.9978150036416606	0.9978150036416606	0.9896212672978878	0.5	0.9721048798252003
HAP1	4	XPO1	11	12	115.0	30.0	9.583333333333334	"{""gtf"":11}"	chr2:61481185|61533903;chr2:61488165|61526521;chr2:61498673|61533903;chr2:61495455|61498913;chr2:61522611|61533903;chr2:61481185|61485962;chr2:61490642|61533903;chr2:61493894|61497007;chr2:61492035|61497007;chr2:61482957|61490776;chr2:61482957|61493053					0.9941733430444283	0.9974508375819373	0.9974508375819373	0.5	0.9715950473415879
HAP1	5	UBAP2	11	12	105.0	18.0	8.75	"{""gtf"":11}"	chr9:33953285|33963791;chr9:33941649|33963791;chr9:33996223|33998864;chr9:33935839|33941862;chr9:33948374|33996333;chr9:33944365|33956146;chr9:33941649|33948587;chr9:33996223|34017189;chr9:33953285|33960878;chr9:33960826|33989126;chr9:33960826|34017189					0.9941733430444283	0.9959941733430444	0.9974508375819373	0.5	0.9707938820101966
HAP1	6	ENSG00000274023	4	21	185.0	35.0	8.80952380952381	"{""gtf"":4}"	chr6:158312051|158429897;chr6:158312051|158314268;chr6:158282263|158314268;chr6:158282263|158452268					0.9983612527312454	0.9983612527312454	0.9717771303714494	0.5	0.9707847778587037
HAP1	7	TULP4	4	21	185.0	35.0	8.80952380952381	"{""gtf"":4}"	chr6:158312051|158429897;chr6:158312051|158314268;chr6:158282263|158314268;chr6:158282263|158452268					0.9983612527312454	0.9983612527312454	0.9717771303714494	0.5	0.9707847778587037
HAP1	8	EIF4G3	9	9	108.0	39.0	12.0	"{""gtf"":9}"	chr1:21050866|21089213;chr1:21089138|21111383;chr1:21170395|21170846;chr1:21002713|21050994;chr1:20941924|20942114;chr1:20969474|20981227;chr1:20969474|21002808;chr1:21050866|21111383;chr1:20980334|21111383					0.9898033503277495	0.9965404224326293	0.9945375091041515	0.5	0.9694919883466863
HAP1	9	ENSG00000261864	4	13	112.0	29.0	8.615384615384615	"{""gtf"":4}"	chr16:68121987|68126610;chr16:68121987|68123121;chr16:68121987|68174514;chr16:68121987|68181530					0.9956300072833212	0.9970866715222141	0.9717771303714494	0.5	0.969264384559359
HAP1	10	SLAIN2	3	46	1051.0	49.0	22.847826086956523	"{""gtf"":3}"	chr4:48369849|48383784;chr4:48369849|48394653;chr4:48369849|48387466					1.0	0.9996358339402768	0.9402767662053897	0.5	0.9688273852876913
HAP1	11	APPAT	10	12	69.0	18.0	5.75	"{""gtf"":10}"	chr2:97273235|97434690;chr2:97276969|97431262;chr2:97274408|97433527;chr2:97277368|97430218;chr2:97284883|97423517;chr2:97276628|97431300;chr2:97274383|97433703;chr2:97279957|97427953;chr2:97269822|97438616;chr2:97280089|97427750					0.9941733430444283	0.9921704297159505	0.9959941733430444	0.5	0.9685451565914057
HAP1	12	IGKV1OR2-9	10	12	69.0	18.0	5.75	"{""gtf"":10}"	chr2:97273235|97434690;chr2:97276969|97431262;chr2:97274408|97433527;chr2:97277368|97430218;chr2:97284883|97423517;chr2:97276628|97431300;chr2:97274383|97433703;chr2:97279957|97427953;chr2:97269822|97438616;chr2:97280089|97427750					0.9941733430444283	0.9921704297159505	0.9959941733430444	0.5	0.9685451565914057
HAP1	13	IGKV2OR2-10	10	12	69.0	18.0	5.75	"{""gtf"":10}"	chr2:97273235|97434690;chr2:97276969|97431262;chr2:97274408|97433527;chr2:97277368|97430218;chr2:97284883|97423517;chr2:97276628|97431300;chr2:97274383|97433703;chr2:97279957|97427953;chr2:97269822|97438616;chr2:97280089|97427750					0.9941733430444283	0.9921704297159505	0.9959941733430444	0.5	0.9685451565914057
HAP1	14	IGKV2OR2-7D	10	12	69.0	18.0	5.75	"{""gtf"":10}"	chr2:97273235|97434690;chr2:97276969|97431262;chr2:97274408|97433527;chr2:97277368|97430218;chr2:97284883|97423517;chr2:97276628|97431300;chr2:97274383|97433703;chr2:97279957|97427953;chr2:97269822|97438616;chr2:97280089|97427750					0.9941733430444283	0.9921704297159505	0.9959941733430444	0.5	0.9685451565914057
HAP1	15	MT1M	5	10	104.0	44.0	10.4	"{""gtf"":5}"	chr16:56626880|56658740;chr16:56626880|56639329;chr16:56626880|56636504;chr16:56626880|56633405;chr16:56633340|56635845					0.9918062636562273	0.9956300072833212	0.9839766933721777	0.5	0.9685360524399126
HAP1	16	ENSG00000237837	16	14	66.0	25.0	4.714285714285714	"{""gtf"":16}"	chr2:97269242|97438746;chr2:97284552|97423381;chr2:97279869|97427805;chr2:97272789|97435131;chr2:97273287|97434836;chr2:97277096|97430992;chr2:97273368|97434977;chr2:97273372|97434982;chr2:97269440|97438486;chr2:97279937|97427993;chr2:97277522|97430434;chr2:97274258|97433578;chr2:97278231|97429714;chr2:97277486|97430575;chr2:97272789|97435104;chr2:97273411|97434521					0.9967225054624909	0.9896212672978878	0.9989075018208303	0.5	0.9681991988346685
HAP1	17	ENSG00000277701	16	14	66.0	25.0	4.714285714285714	"{""gtf"":16}"	chr2:97269242|97438746;chr2:97284552|97423381;chr2:97279869|97427805;chr2:97272789|97435131;chr2:97273287|97434836;chr2:97277096|97430992;chr2:97273368|97434977;chr2:97273372|97434982;chr2:97269440|97438486;chr2:97279937|97427993;chr2:97277522|97430434;chr2:97274258|97433578;chr2:97278231|97429714;chr2:97277486|97430575;chr2:97272789|97435104;chr2:97273411|97434521					0.9967225054624909	0.9896212672978878	0.9989075018208303	0.5	0.9681991988346685
HAP1	18	ENSG00000278766	16	14	66.0	25.0	4.714285714285714	"{""gtf"":16}"	chr2:97269242|97438746;chr2:97284552|97423381;chr2:97279869|97427805;chr2:97272789|97435131;chr2:97273287|97434836;chr2:97277096|97430992;chr2:97273368|97434977;chr2:97273372|97434982;chr2:97269440|97438486;chr2:97279937|97427993;chr2:97277522|97430434;chr2:97274258|97433578;chr2:97278231|97429714;chr2:97277486|97430575;chr2:97272789|97435104;chr2:97273411|97434521					0.9967225054624909	0.9896212672978878	0.9989075018208303	0.5	0.9681991988346685
HAP1	19	IGKV2OR2-7	16	14	66.0	25.0	4.714285714285714	"{""gtf"":16}"	chr2:97269242|97438746;chr2:97284552|97423381;chr2:97279869|97427805;chr2:97272789|97435131;chr2:97273287|97434836;chr2:97277096|97430992;chr2:97273368|97434977;chr2:97273372|97434982;chr2:97269440|97438486;chr2:97279937|97427993;chr2:97277522|97430434;chr2:97274258|97433578;chr2:97278231|97429714;chr2:97277486|97430575;chr2:97272789|97435104;chr2:97273411|97434521					0.9967225054624909	0.9896212672978878	0.9989075018208303	0.5	0.9681991988346685
HAP1	20	IGKV2OR2-8	16	14	66.0	25.0	4.714285714285714	"{""gtf"":16}"	chr2:97269242|97438746;chr2:97284552|97423381;chr2:97279869|97427805;chr2:97272789|97435131;chr2:97273287|97434836;chr2:97277096|97430992;chr2:97273368|97434977;chr2:97273372|97434982;chr2:97269440|97438486;chr2:97279937|97427993;chr2:97277522|97430434;chr2:97274258|97433578;chr2:97278231|97429714;chr2:97277486|97430575;chr2:97272789|97435104;chr2:97273411|97434521					0.9967225054624909	0.9896212672978878	0.9989075018208303	0.5	0.9681991988346685
HAP1	21	FLNA	8	8	77.0	23.0	9.625	"{""gtf"":8}"	chrX:154337552|154394545;chrX:154359614|154359792;chrX:154353554|154354291;chrX:154353554|154354043;chrX:154351884|154352418;chrX:154366828|154367992;chrX:154353646|154354221;chrX:154349788|154350207					0.98761835396941	0.9938091769847051	0.9936270939548434	0.5	0.9672432629278952
HAP1	22	ZNF124	4	12	85.0	16.0	7.083333333333333	"{""gtf"":4}"	chr1:247155566|247159813;chr1:247156406|247159813;chr1:247157000|247159813;chr1:247138716|247159813					0.9941733430444283	0.9941733430444283	0.9717771303714494	0.5	0.9672250546249092
HAP1	23	MT1JP	4	10	96.0	44.0	9.6	"{""gtf"":4}"	chr16:56626880|56658740;chr16:56626880|56639329;chr16:56626880|56636504;chr16:56633340|56635845					0.9918062636562273	0.9949016751638747	0.9717771303714494	0.5	0.9669155134741444
HAP1	24	Y_RNA	7	7	89.0	28.0	12.714285714285714	"{""gtf"":7}"	chr4:82930943|82946474;chr20:5958528|5995618;chr8:99481599|99661491;chr12:49129500|49186458;chr6:89832264|89871388;chr12:31495810|31542949;chr14:50462665|50486194					0.9848871085214858	0.9945375091041515	0.9919883466860888	0.5	0.966660597232338
HAP1	25	SRRM2	8	9	66.0	13.0	7.333333333333333	"{""gtf"":8}"	chr16:2762337|2762600;chr16:2759569|2760300;chr16:2762106|2762375;chr16:2762079|2762600;chr16:2766842|2767505;chr16:2762370|2762600;chr16:2763261|2763440;chr16:2764742|2765107					0.9898033503277495	0.9896212672978878	0.9936270939548434	0.5	0.9655954115076474
HAP1	26	FAM156B	11	10	59.0	14.0	5.9	"{""gtf"":11}"	chrX:52897715|52958007;chrX:52907787|52948079;chrX:52898382|52957422;chrX:52908050|52947822;chrX:52899451|52956711;chrX:52898185|52898366;chrX:52899081|52956711;chrX:52899146|52956685;chrX:52908390|52947682;chrX:52897600|52957995;chrX:52898088|52898556					0.9918062636562273	0.9868900218499636	0.9974508375819373	0.5	0.9650764748725419
HAP1	27	FAM156A	7	10	56.0	15.0	5.6	"{""gtf"":7}"	chrX:52898392|52957462;chrX:52907992|52947764;chrX:52889817|52965924;chrX:52908393|52947764;chrX:52907767|52948027;chrX:52899129|52956733;chrX:52908008|52947790					0.9918062636562273	0.9863437727603788	0.9919883466860888	0.5	0.9642297887836855
HAP1	28	MT1E	3	9	98.0	43.0	10.88888888888889	"{""gtf"":3}"	chr16:56626880|56639329;chr16:56626880|56636504;chr16:56626880|56633405					0.9898033503277495	0.995265841223598	0.9402767662053897	0.5	0.9633648943918428
HAP1	29	PHC3	9	9	50.0	14.0	5.555555555555555	"{""gtf"":9}"	chr3:170122591|170136665;chr3:170117390|170129228;chr3:170117226|170129552;chr3:170145423|170149244;chr3:170136419|170178938;chr3:170122591|170149244;chr3:170145423|170178938;chr3:170136419|170149244;chr3:170113360|170149244					0.9898033503277495	0.982884195193008	0.9945375091041515	0.5	0.9619810633648945
HAP1	30	ENSG00000272897	3	8	71.0	19.0	8.875	"{""gtf"":3}"	chr20:35669223|35669574;chr20:35653528|35659014;chr20:35653528|35658982					0.98761835396941	0.9934450109249818	0.9402767662053897	0.5	0.9617079388201021
HAP1	31	DNAH14	10	9	46.0	10.0	5.111111111111111	"{""gtf"":10}"	chr1:225038694|225043983;chr1:224952670|225007544;chr1:225002783|225043114;chr1:225231073|225266769;chr1:225140768|225153826;chr1:224952670|224968874;chr1:225079360|225168028;chr1:225144397|225152883;chr1:225162819|225185425;chr1:224952670|225123614					0.9898033503277495	0.9806991988346686	0.9959941733430444	0.5	0.960924981791697
HAP1	32	BPTF	4	7	56.0	16.0	8.0	"{""gtf"":4}"	chr17:67945409|67975958;chr17:67928355|67932019;chr17:67944150|67948306;chr17:67928355|67948306					0.9848871085214858	0.9863437727603788	0.9717771303714494	0.5	0.960132920611799
HAP1	33	IARS1	5	5	67.0	49.0	13.4	"{""gtf"":5}"	chr9:92268174|92269983;chr9:92210792|92222600;chr9:92268195|92269983;chr9:92265049|92268300;chr9:92256680|92269978					0.9723233794610342	0.9908958485069191	0.9839766933721777	0.5	0.9600873998543337
HAP1	34	TBCD	5	7	50.0	19.0	7.142857142857143	"{""gtf"":5}"	chr17:82763965|82781721;chr17:82884145|82900731;chr17:82756165|82772507;chr17:82870224|82911789;chr17:82756165|82768566					0.9848871085214858	0.982884195193008	0.9839766933721777	0.5	0.9594501092498179
HAP1	35	ADGRV1	7	7	46.0	13.0	6.571428571428571	"{""gtf"":7}"	chr5:90705400|90712312;chr5:90840578|90863857;chr5:90745046|90863857;chr5:90683586|90697146;chr5:90712287|90721059;chr5:90763305|90779097;chr5:90763305|90774303					0.9848871085214858	0.9806991988346686	0.9919883466860888	0.5	0.9590495265841225
HAP1	36	BIRC6	6	6	48.0	15.0	8.0	"{""gtf"":6}"	chr2:32453808|32493667;chr2:32377588|32406557;chr2:32524888|32525628;chr2:32575156|32575366;chr2:32509738|32513154;chr2:32429154|32429295					0.9805171158048069	0.9817916970138383	0.9896212672978878	0.5	0.9581026948288419
HAP1	37	GCN1	3	7	64.0	14.0	9.142857142857142	"{""gtf"":3}"	chr12:120154970|120155719;chr12:120170591|120173296;chr12:120131224|120134381					0.9848871085214858	0.9883466860888566	0.9402767662053897	0.5	0.9580844865258559
HAP1	38	GUSBP1	2	37	960.0	86.0	25.945945945945947	"{""gtf"":2}"	chr5:21491321|21497196;chr5:21491321|21495182					0.9989075018208303	0.9992716678805535	0.8373998543335761	0.5	0.9580116533139112
HAP1	39	MT1A	3	9	53.0	19.0	5.888888888888889	"{""gtf"":3}"	chr16:56626880|56658740;chr16:56626880|56683230;chr16:56626880|56639329					0.9898033503277495	0.9850691915513474	0.9402767662053897	0.5	0.9577567370721051
HAP1	40	SCLT1	4	7	45.0	14.0	6.428571428571429	"{""gtf"":4}"	chr4:128992167|129003876;chr4:128936655|129003876;chr4:128952769|128999794;chr4:128936655|128970468					0.9848871085214858	0.9796067006554989	0.9717771303714494	0.5	0.9564275309541151
HAP1	41	MAP4K3	3	6	61.0	24.0	10.166666666666666	"{""gtf"":3}"	chr2:39299743|39315388;chr2:39331917|39337581;chr2:39325518|39325961					0.9805171158048069	0.98761835396941	0.9402767662053897	0.5	0.9563729060451567
HAP1	42	CLASP2	6	6	44.0	19.0	7.333333333333333	"{""gtf"":6}"	chr3:33619603|33663515;chr3:33684359|33696933;chr3:33510558|33551395;chr3:33684359|33689932;chr3:33535233|33544841;chr3:33606591|33644903					0.9805171158048069	0.9785142024763293	0.9896212672978878	0.5	0.956300072833212
HAP1	43	TUBGCP3	3	7	51.0	17.0	7.285714285714286	"{""gtf"":3}"	chr13:112504032|112527484;chr13:112516440|112527484;chr13:112516440|112522509					0.9848871085214858	0.9839766933721777	0.9402767662053897	0.5	0.9556809905316825
HAP1	44	HERC1	5	5	50.0	25.0	10.0	"{""gtf"":5}"	chr15:63622815|63659936;chr15:63615768|63694894;chr15:63654119|63659936;chr15:63706780|63716473;chr15:63649725|63694894					0.9723233794610342	0.982884195193008	0.9839766933721777	0.5	0.9556809905316824
HAP1	45	FAT1	2	11	108.0	19.0	9.818181818181818	"{""gtf"":2}"	chr4:186663299|186709845;chr4:186706563|186709845					0.9927166788055353	0.9965404224326293	0.8373998543335761	0.5	0.9546522214129644
HAP1	46	PALS2	5	6	39.0	13.0	6.5	"{""gtf"":5}"	chr7:24620052|24668660;chr7:24623663|24641868;chr7:24623666|24668660;chr7:24623666|24650712;chr7:24689346|24689572					0.9805171158048069	0.9750546249089584	0.9839766933721777	0.5	0.953832847778587
HAP1	47	HP1BP3	4	6	40.0	14.0	6.666666666666667	"{""gtf"":4}"	chr1:20744744|20780540;chr1:20743726|20743943;chr1:20749824|20757256;chr1:20743726|20743984					0.9805171158048069	0.9761471230881282	0.9717771303714494	0.5	0.9532137654770576
HAP1	48	FAM120A	4	5	44.0	19.0	8.8	"{""gtf"":4}"	chr9:93470329|93476338;chr9:93471141|93498886;chr9:93523280|93527242;chr9:93471141|93476338					0.9723233794610342	0.9785142024763293	0.9717771303714494	0.5	0.9520575382374363
HAP1	49	PICALM	5	5	40.0	12.0	8.0	"{""gtf"":5}"	chr11:85996826|86003451;chr11:85974708|86031611;chr11:86022367|86031611;chr11:86060305|86060508;chr11:85996826|86031611					0.9723233794610342	0.9761471230881282	0.9839766933721777	0.5	0.9519756008739987
HAP1	50	CPNE1	2	7	69.0	19.0	9.857142857142858	"{""gtf"":2}"	chr20:35653528|35659014;chr20:35653528|35658982					0.9848871085214858	0.9921704297159505	0.8373998543335761	0.5	0.9498998543335762
HAP1	51	RBM12	2	7	69.0	19.0	9.857142857142858	"{""gtf"":2}"	chr20:35653528|35659014;chr20:35653528|35658982					0.9848871085214858	0.9921704297159505	0.8373998543335761	0.5	0.9498998543335762
HAP1	52	ENSG00000286118	9	8	33.0	8.0	4.125	"{""gtf"":9}"	chrX:52897715|52958007;chrX:52907787|52948079;chrX:52898382|52957422;chrX:52908050|52947822;chrX:52899451|52956711;chrX:52899081|52956711;chrX:52899146|52956685;chrX:52908390|52947682;chrX:52897600|52957995					0.98761835396941	0.9615804806991989	0.9945375091041515	0.5	0.9496085214857976
HAP1	53	ANKRD17	4	5	38.0	12.0	7.6	"{""gtf"":4}"	chr4:73090667|73092300;chr4:73085249|73092300;chr4:73118688|73125312;chr4:73118688|73177533					0.9723233794610342	0.9735979606700655	0.9717771303714494	0.5	0.9493536052439914
HAP1	54	ENSG00000236073	3	4	61.0	39.0	15.25	"{""gtf"":3}"	chr1:21050866|21089213;chr1:21050866|21111383;chr1:20980334|21111383					0.9553896576839038	0.98761835396941	0.9402767662053897	0.5	0.9488346686088858
HAP1	55	CEP192	5	4	45.0	25.0	11.25	"{""gtf"":5}"	chr18:12999421|13073185;chr18:12999421|13030608;chr18:13057099|13057243;chr18:13048859|13069856;chr18:12999421|13042334					0.9553896576839038	0.9796067006554989	0.9839766933721777	0.5	0.9487982520029133
HAP1	56	MYO9A	4	4	47.0	34.0	11.75	"{""gtf"":4}"	chr15:72020918|72027793;chr15:71826166|71826528;chr15:72019039|72046634;chr15:71933670|72046634					0.9553896576839038	0.9814275309541151	0.9717771303714494	0.5	0.9485797523670795
HAP1	57	CNOT1	5	5	36.0	12.0	7.2	"{""gtf"":5}"	chr16:58611316|58618870;chr16:58574609|58583182;chr16:58560212|58560362;chr16:58526012|58532320;chr16:58574609|58578939					0.9723233794610342	0.9675892206846322	0.9839766933721777	0.5	0.9472687545520758
HAP1	58	PHIP	3	6	37.0	12.0	6.166666666666667	"{""gtf"":3}"	chr6:79042843|79060818;chr6:79060478|79060818;chr6:79015082|79026164					0.9805171158048069	0.9706846321922796	0.9402767662053897	0.5	0.947059359067735
HAP1	59	MAN1A2	2	8	52.0	13.0	6.5	"{""gtf"":2}"	chr1:117402186|117420649;chr1:117402186|117442325					0.98761835396941	0.9847050254916242	0.8373998543335761	0.5	0.946613255644574
HAP1	60	MIB1	2	8	51.0	11.0	6.375	"{""gtf"":2}"	chr18:21773702|21779609;chr18:21765772|21779685					0.98761835396941	0.9839766933721777	0.8373998543335761	0.5	0.9462126729788783
HAP1	61	BARD1	3	4	49.0	19.0	12.25	"{""gtf"":3}"	chr2:214767482|214797117;chr2:214780560|214797117;chr2:214767482|214781509					0.9553896576839038	0.9821558630735615	0.9402767662053897	0.5	0.9458302986161691
HAP1	62	ALMS1	6	5	34.0	12.0	6.8	"{""gtf"":6}"	chr2:73572262|73573424;chr2:73451299|73451862;chr2:73534824|73573424;chr2:73447960|73491498;chr2:73451899|73452168;chr2:73452606|73452887					0.9723233794610342	0.963401310997815	0.9896212672978878	0.5	0.9455298616168973
HAP1	63	ENSG00000286192	4	4	39.0	30.0	9.75	"{""gtf"":4}"	chr7:1898200|1936897;chr7:1898200|1957719;chr7:2239530|2242184;chr7:2213212|2222754					0.9553896576839038	0.9750546249089584	0.9717771303714494	0.5	0.9450746540422433
HAP1	64	AFF2	2	9	46.0	11.0	5.111111111111111	"{""gtf"":2}"	chrX:148651999|148662768;chrX:148661908|148662768					0.9898033503277495	0.9806991988346686	0.8373998543335761	0.5	0.9450655498907502
HAP1	65	SLAIN1	3	5	37.0	12.0	7.4	"{""gtf"":3}"	chr13:77746636|77760916;chr13:77719532|77753358;chr13:77744283|77746855					0.9723233794610342	0.9706846321922796	0.9402767662053897	0.5	0.9446012381646032
HAP1	66	ZNF207	5	5	33.0	14.0	6.6	"{""gtf"":5}"	chr17:32360598|32362984;chr17:32362914|32368014;chr17:32360892|32365177;chr17:32351739|32377993;chr17:32351739|32379210					0.9723233794610342	0.9615804806991989	0.9839766933721777	0.5	0.9439639475600875
HAP1	67	VWA8	3	4	44.0	19.0	11.0	"{""gtf"":3}"	chr13:41830529|41868477;chr13:41777985|41819386;chr13:41811225|41819386					0.9553896576839038	0.9785142024763293	0.9402767662053897	0.5	0.9438273852876913
HAP1	68	UXS1	2	5	61.0	33.0	12.2	"{""gtf"":2}"	chr2:106122970|106166083;chr2:106158058|106166083					0.9723233794610342	0.98761835396941	0.8373998543335761	0.5	0.9436270939548435
HAP1	69	F8A3	7	5	32.0	15.0	6.4	"{""gtf"":7}"	chrX:155355855|155485357;chrX:155354063|155487220;chrX:155352803|155488483;chrX:155351454|155489736;chrX:155352159|155489101;chrX:155356232|155485046;chrX:155365415|155475876					0.9723233794610342	0.958667152221413	0.9919883466860888	0.5	0.9431627822286963
HAP1	70	H2AB3	7	5	32.0	15.0	6.4	"{""gtf"":7}"	chrX:155355855|155485357;chrX:155354063|155487220;chrX:155352803|155488483;chrX:155351454|155489736;chrX:155352159|155489101;chrX:155356232|155485046;chrX:155365415|155475876					0.9723233794610342	0.958667152221413	0.9919883466860888	0.5	0.9431627822286963
HAP1	71	MIR1184-2	7	5	32.0	15.0	6.4	"{""gtf"":7}"	chrX:155355855|155485357;chrX:155354063|155487220;chrX:155352803|155488483;chrX:155351454|155489736;chrX:155352159|155489101;chrX:155356232|155485046;chrX:155365415|155475876					0.9723233794610342	0.958667152221413	0.9919883466860888	0.5	0.9431627822286963
HAP1	72	HDAC9	5	5	32.0	20.0	6.4	"{""gtf"":5}"	chr7:18644671|18666476;chr7:18644671|18648683;chr7:18722952|18793452;chr7:18585281|18594029;chr7:18585281|18666476					0.9723233794610342	0.958667152221413	0.9839766933721777	0.5	0.9423616168973051
HAP1	73	ENSG00000278635	5	4	36.0	12.0	9.0	"{""gtf"":5}"	chr12:9315398|9416425;chr12:9315434|9416384;chr12:9316196|9416045;chr12:9314014|9417897;chr12:9315402|9416504					0.9553896576839038	0.9675892206846322	0.9839766933721777	0.5	0.9421886380189367
HAP1	74	ENSG00000286911	5	4	36.0	12.0	9.0	"{""gtf"":5}"	chr12:9315398|9416425;chr12:9315434|9416384;chr12:9316196|9416045;chr12:9314014|9417897;chr12:9315402|9416504					0.9553896576839038	0.9675892206846322	0.9839766933721777	0.5	0.9421886380189367
HAP1	75	ENSG00000287577	5	4	36.0	12.0	9.0	"{""gtf"":5}"	chr12:9315398|9416425;chr12:9315434|9416384;chr12:9316196|9416045;chr12:9314014|9417897;chr12:9315402|9416504					0.9553896576839038	0.9675892206846322	0.9839766933721777	0.5	0.9421886380189367
HAP1	76	LINC02367	5	4	36.0	12.0	9.0	"{""gtf"":5}"	chr12:9315398|9416425;chr12:9315434|9416384;chr12:9316196|9416045;chr12:9314014|9417897;chr12:9315402|9416504					0.9553896576839038	0.9675892206846322	0.9839766933721777	0.5	0.9421886380189367
HAP1	77	ENSG00000256673	6	6	30.0	9.0	5.0	"{""gtf"":6}"	chr12:9315375|9416402;chr12:9317356|9414869;chr12:9317309|9414547;chr12:9321866|9409815;chr12:9322857|9412161;chr12:9294156|9437822					0.9805171158048069	0.9522942461762564	0.9896212672978878	0.5	0.9418790968681718
HAP1	78	AKT3	5	4	35.0	16.0	8.75	"{""gtf"":5}"	chr1:243545510|243695716;chr1:243807803|243808227;chr1:243501882|243502077;chr1:243637611|243695716;chr1:243545510|243573048					0.9553896576839038	0.9654042243262928	0.9839766933721777	0.5	0.94098689002185
HAP1	79	MAPK9	2	6	42.0	11.0	7.0	"{""gtf"":2}"	chr5:180261684|180280608;chr5:180236144|180280608					0.9805171158048069	0.9776037873270211	0.8373998543335761	0.5	0.9405772032046613
HAP1	80	TBC1D14	4	4	35.0	14.0	8.75	"{""gtf"":4}"	chr4:6923373|6924111;chr4:6999085|7010781;chr4:6994184|7014557;chr4:6994184|7001251					0.9553896576839038	0.9654042243262928	0.9717771303714494	0.5	0.9397669337217772
HAP1	81	RUNX1T1	3	4	37.0	17.0	9.25	"{""gtf"":3}"	chr8:91970658|92005297;chr8:91986124|92017363;chr8:91986887|92017363					0.9553896576839038	0.9706846321922796	0.9402767662053897	0.5	0.9395211216314641
HAP1	82	ANKHD1	4	5	30.0	8.0	6.0	"{""gtf"":4}"	chr5:140509637|140510181;chr5:140436104|140510181;chr5:140440119|140445975;chr5:140440119|140449305					0.9723233794610342	0.9522942461762564	0.9717771303714494	0.5	0.9376365622723962
HAP1	83	ANKHD1-EIF4EBP3	4	5	30.0	8.0	6.0	"{""gtf"":4}"	chr5:140509637|140510181;chr5:140436104|140510181;chr5:140440119|140445975;chr5:140440119|140449305					0.9723233794610342	0.9522942461762564	0.9717771303714494	0.5	0.9376365622723962
HAP1	84	ENSG00000282278	4	4	32.0	15.0	8.0	"{""gtf"":4}"	chr4:53425872|53428183;chr4:53425872|53440608;chr4:53428027|53444103;chr4:53425872|53444103					0.9553896576839038	0.958667152221413	0.9717771303714494	0.5	0.9360615440640933
HAP1	85	FIP1L1	4	4	32.0	15.0	8.0	"{""gtf"":4}"	chr4:53425872|53428183;chr4:53425872|53440608;chr4:53428027|53444103;chr4:53425872|53444103					0.9553896576839038	0.958667152221413	0.9717771303714494	0.5	0.9360615440640933
HAP1	86	NBAS	5	5	28.0	11.0	5.6	"{""gtf"":5}"	chr2:15327750|15427794;chr2:15461201|15478289;chr2:15461201|15539356;chr2:15351992|15427794;chr2:15424400|15467388					0.9723233794610342	0.9455571740713765	0.9839766933721777	0.5	0.9351511289147852
HAP1	87	FIRRE	3	5	29.0	11.0	5.8	"{""gtf"":3}"	chrX:131749306|131794466;chrX:131743096|131785258;chrX:131743096|131794466					0.9723233794610342	0.9495630007283321	0.9402767662053897	0.5	0.932984340859432
HAP1	88	DNA2	4	4	30.0	15.0	7.5	"{""gtf"":4}"	chr10:68437011|68459235;chr10:68469981|68473403;chr10:68442917|68470163;chr10:68468123|68470163					0.9553896576839038	0.9522942461762564	0.9717771303714494	0.5	0.9325564457392571
HAP1	89	EPS15	3	3	40.0	22.0	13.333333333333334	"{""gtf"":3}"	chr1:51394381|51400953;chr1:51459041|51465326;chr1:51402435|51465326					0.9186088856518573	0.9761471230881282	0.9402767662053897	0.5	0.9314912600145667
HAP1	90	UBR4	4	4	29.0	12.0	7.25	"{""gtf"":4}"	chr1:19081388|19086216;chr1:19176592|19177661;chr1:19176592|19187540;chr1:19183811|19197265					0.9553896576839038	0.9495630007283321	0.9717771303714494	0.5	0.9310542607428989
HAP1	91	LMTK2	3	4	31.0	13.0	7.75	"{""gtf"":3}"	chr7:98137315|98154876;chr7:98190728|98194572;chr7:98190708|98194572					0.9553896576839038	0.9552075746540423	0.9402767662053897	0.5	0.9310087399854334
HAP1	92	TET1	2	4	38.0	13.0	9.5	"{""gtf"":2}"	chr10:68644698|68647005;chr10:68644698|68686707					0.9553896576839038	0.9735979606700655	0.8373998543335761	0.5	0.9308357611070649
HAP1	93	NSD2	4	5	27.0	9.0	5.4	"{""gtf"":4}"	chr4:1900626|1930770;chr4:1900626|1939778;chr4:1900626|1942565;chr4:1900626|1951203					0.9723233794610342	0.9391842680262199	0.9717771303714494	0.5	0.9304260742898762
HAP1	94	AFDN	3	3	38.0	29.0	12.666666666666666	"{""gtf"":3}"	chr6:167864551|167952187;chr6:167870386|167902386;chr6:167864551|167880517					0.9186088856518573	0.9735979606700655	0.9402767662053897	0.5	0.9300892206846324
HAP1	95	GDI1	3	3	38.0	21.0	12.666666666666666	"{""gtf"":3}"	chrX:154441641|154442428;chrX:154443208|154443395;chrX:154441137|154442185					0.9186088856518573	0.9735979606700655	0.9402767662053897	0.5	0.9300892206846324
HAP1	96	ARID1A	2	5	33.0	11.0	6.6	"{""gtf"":2}"	chr1:26729651|26732792;chr1:26781213|26781713					0.9723233794610342	0.9615804806991989	0.8373998543335761	0.5	0.9293062636562273
HAP1	97	OGT	4	4	28.0	12.0	7.0	"{""gtf"":4}"	chrX:71544567|71548023;chrX:71575201|71575384;chrX:71536208|71548023;chrX:71555954|71557672					0.9553896576839038	0.9455571740713765	0.9717771303714494	0.5	0.9288510560815733
HAP1	98	HUWE1	3	3	37.0	25.0	12.333333333333334	"{""gtf"":3}"	chrX:53664108|53664531;chrX:53614534|53617446;chrX:53614534|53615835					0.9186088856518573	0.9706846321922796	0.9402767662053897	0.5	0.92848689002185
HAP1	99	POLR2A	3	3	37.0	27.0	12.333333333333334	"{""gtf"":3}"	chr17:7513471|7513850;chr17:7513496|7513768;chr17:7499039|7499491					0.9186088856518573	0.9706846321922796	0.9402767662053897	0.5	0.92848689002185
HAP1	100	VRK1	2	6	31.0	10.0	5.166666666666667	"{""gtf"":2}"	chr14:96833467|96860735;chr14:96852831|96860735					0.9805171158048069	0.9552075746540423	0.8373998543335761	0.5	0.9282592862345229
IMR90	1	COL1A1	18	16	222.0	50.0	13.875	"{""gtf"":18}"	chr17:50189168|50189538;chr17:50185497|50185925;chr17:50192797|50194041;chr17:50189188|50190074;chr17:50189433|50190092;chr17:50194130|50195976;chr17:50190817|50191490;chr17:50195923|50196528;chr17:50192994|50194447;chr17:50196637|50197217;chr17:50189225|50189483;chr17:50191448|50193998;chr17:50189690|50190092;chr17:50195434|50196670;chr17:50188759|50189492;chr17:50189379|50190092;chr17:50186473|50186808;chr17:50189219|50190092					0.9980049875311721	0.9980049875311721	0.9995012468827931	0.5	0.9732543640897757
IMR90	2	Y_RNA	9	11	345.0	96.0	31.363636363636363	"{""gtf"":9}"	chr14:50462665|50475149;chr12:49129242|49185990;chr1:240329076|240392562;chr18:2722519|2784621;chr1:197672037|197772932;chr4:55411614|55417985;chr3:152414941|152455577;chr12:7829766|7930642;chr1:240257945|240392562					0.9942643391521196	0.9995012468827931	0.9965087281795512	0.5	0.9726558603491273
IMR90	3	LPAR1	5	21	174.0	20.0	8.285714285714286	"{""gtf"":5}"	chr9:110941421|111011690;chr9:110972073|111011690;chr9:110972073|110973558;chr9:110941421|110973558;chr9:111009148|111011690					0.9995012468827931	0.9975062344139651	0.9850374064837906	0.5	0.9719825436408979
IMR90	4	FN1	35	18	71.0	9.0	3.9444444444444446	"{""gtf"":35}"	chr2:215386777|215391719;chr2:215391642|215399313;chr2:215373322|215391814;chr2:215378202|215383377;chr2:215428180|215434824;chr2:215406345|215419259;chr2:215419242|215420801;chr2:215375679|215379319;chr2:215384173|215391794;chr2:215404584|215407168;chr2:215373322|215378206;chr2:215425094|215434824;chr2:215379283|215380893;chr2:215379298|215382309;chr2:215399280|215406308;chr2:215428262|215431962;chr2:215380811|215382286;chr2:215375238|215378196;chr2:215397174|215399313;chr2:215425108|215428289;chr2:215434723|215435897;chr2:215383394|215384879;chr2:215383394|215388283;chr2:215394528|215394719;chr2:215404505|215406412;chr2:215414839|215419305;chr2:215407127|215408349;chr2:215399280|215404583;chr2:215407226|215408165;chr2:215388212|215397827;chr2:215388236|215393033;chr2:215419260|215423377;chr2:215388236|215391765;chr2:215394556|215397191;chr2:215383415|215384129					0.9985037406483791	0.9942643391521196	1.0	0.5	0.9713965087281796
IMR90	5	MEG8	14	10	46.0	13.0	4.6	"{""gtf"":14}"	chr14:100935772|100988790;chr14:100942762|100988790;chr14:100950402|100969545;chr14:100947034|100988790;chr14:100935772|100969545;chr14:100913432|100958343;chr14:100937403|100988790;chr14:100968648|100972346;chr14:100972262|100977722;chr14:100944809|100964439;chr14:100937403|100966731;chr14:100913432|100969545;chr14:100944809|100966731;chr14:100950402|100988790					0.9925187032418953	0.9905236907730673	0.999002493765586	0.5	0.9674438902743142
IMR90	6	MT1M	4	9	107.0	25.0	11.88888888888889	"{""gtf"":4}"	chr16:56626880|56658740;chr16:56626880|56636504;chr16:56626880|56639329;chr16:56626880|56633405					0.9892768079800499	0.9960099750623441	0.971571072319202	0.5	0.9667456359102244
IMR90	7	CDK11A	4	15	54.0	8.0	3.6	"{""gtf"":4}"	chr1:1669664|1734835;chr1:1636897|1703940;chr1:1637762|1704655;chr1:1637081|1704146					0.9967581047381546	0.9915211970074813	0.971571072319202	0.5	0.9665211970074813
IMR90	8	ENSG00000268575	4	15	54.0	8.0	3.6	"{""gtf"":4}"	chr1:1669664|1734835;chr1:1636897|1703940;chr1:1637762|1704655;chr1:1637081|1704146					0.9967581047381546	0.9915211970074813	0.971571072319202	0.5	0.9665211970074813
IMR90	9	SLC35E2B	4	15	54.0	8.0	3.6	"{""gtf"":4}"	chr1:1669664|1734835;chr1:1636897|1703940;chr1:1637762|1704655;chr1:1637081|1704146					0.9967581047381546	0.9915211970074813	0.971571072319202	0.5	0.9665211970074813
IMR90	10	VIM	10	15	33.0	10.0	2.2	"{""gtf"":10}"	chr10:17235316|17237262;chr10:17230678|17234776;chr10:17229666|17229902;chr10:17229879|17233682;chr10:17229575|17229902;chr10:17229783|17234776;chr10:17229783|17233931;chr10:17230660|17233682;chr10:17229735|17233682;chr10:17229735|17233631					0.9967581047381546	0.9865336658354115	0.9972568578553616	0.5	0.966346633416459
IMR90	11	MIR493HG	12	9	41.0	11.0	4.555555555555555	"{""gtf"":12}"	chr14:100935772|100988790;chr14:100942762|100988790;chr14:100950402|100969545;chr14:100947034|100988790;chr14:100935772|100969545;chr14:100913432|100958343;chr14:100937403|100988790;chr14:100944809|100964439;chr14:100937403|100966731;chr14:100913432|100969545;chr14:100944809|100966731;chr14:100950402|100988790					0.9892768079800499	0.9887780548628429	0.9982543640897755	0.5	0.9654364089775562
IMR90	12	SNORD114-2	12	9	41.0	11.0	4.555555555555555	"{""gtf"":12}"	chr14:100935772|100988790;chr14:100942762|100988790;chr14:100950402|100969545;chr14:100947034|100988790;chr14:100935772|100969545;chr14:100913432|100958343;chr14:100937403|100988790;chr14:100944809|100964439;chr14:100937403|100966731;chr14:100913432|100969545;chr14:100944809|100966731;chr14:100950402|100988790					0.9892768079800499	0.9887780548628429	0.9982543640897755	0.5	0.9654364089775562
IMR90	13	FAT1	4	12	35.0	5.0	2.9166666666666665	"{""gtf"":4}"	chr4:186706563|186709845;chr4:186628154|186628763;chr4:186663299|186709845;chr4:186611533|186613342					0.9952618453865336	0.9875311720698254	0.971571072319202	0.5	0.9638778054862843
IMR90	14	COL1A2	10	8	32.0	22.0	4.0	"{""gtf"":10}"	chr7:94411056|94413110;chr7:94416424|94418517;chr7:94407847|94416503;chr7:94408770|94409608;chr7:94415226|94417831;chr7:94421009|94423118;chr7:94427795|94428477;chr7:94425802|94426483;chr7:94416449|94417811;chr7:94418499|94420286					0.9870324189526185	0.9860349127182045	0.9972568578553616	0.5	0.9631546134663342
IMR90	15	MT1E	3	9	97.0	25.0	10.777777777777779	"{""gtf"":3}"	chr16:56626880|56636504;chr16:56626880|56639329;chr16:56626880|56633405					0.9892768079800499	0.9950124688279302	0.9349127182044887	0.5	0.9625311720698255
IMR90	16	CORO1C	4	11	30.0	9.0	2.727272727272727	"{""gtf"":4}"	chr12:108652272|108654410;chr12:108701124|108701323;chr12:108678272|108701323;chr12:108652272|108662158					0.9942643391521196	0.9845386533665835	0.971571072319202	0.5	0.961932668329177
IMR90	17	CRIM1	8	12	22.0	3.0	1.8333333333333333	"{""gtf"":8}"	chr2:36441258|36442735;chr2:36387972|36396787;chr2:36387972|36464655;chr2:36396614|36396787;chr2:36522092|36537546;chr2:36396614|36522313;chr2:36499219|36522313;chr2:36396614|36442735					0.9952618453865336	0.9780548628428928	0.9957605985037407	0.5	0.9610847880299253
IMR90	18	MT1JP	3	7	71.0	19.0	10.142857142857142	"{""gtf"":3}"	chr16:56626880|56658740;chr16:56626880|56636504;chr16:56626880|56639329					0.9825436408977556	0.9942643391521196	0.9349127182044887	0.5	0.9600997506234414
IMR90	19	CDK11B	3	9	44.0	8.0	4.888888888888889	"{""gtf"":3}"	chr1:1636897|1703940;chr1:1637762|1704655;chr1:1637081|1704146					0.9892768079800499	0.9895261845386534	0.9349127182044887	0.5	0.9595137157107233
IMR90	20	EIF4G3	7	9	20.0	5.0	2.2222222222222223	"{""gtf"":7}"	chr1:21050866|21089213;chr1:20969474|21002808;chr1:21050866|21111383;chr1:20893517|20895501;chr1:20969474|20981227;chr1:21002713|21111383;chr1:20980334|21050994					0.9892768079800499	0.9770573566084788	0.9940149625935162	0.5	0.9585660847880301
IMR90	21	PHC3	4	10	23.0	7.0	2.3	"{""gtf"":4}"	chr3:170145423|170149244;chr3:170136419|170149244;chr3:170128684|170149244;chr3:170136419|170178938					0.9925187032418953	0.9788029925187033	0.971571072319202	0.5	0.9582543640897757
IMR90	22	ENSG00000274023	3	10	29.0	7.0	2.9	"{""gtf"":3}"	chr6:158282263|158314268;chr6:158312051|158314268;chr6:158282263|158429897					0.9925187032418953	0.9825436408977556	0.9349127182044887	0.5	0.9566458852867832
IMR90	23	TULP4	3	10	29.0	7.0	2.9	"{""gtf"":3}"	chr6:158282263|158314268;chr6:158312051|158314268;chr6:158282263|158429897					0.9925187032418953	0.9825436408977556	0.9349127182044887	0.5	0.9566458852867832
IMR90	24	ADAMTS6	6	9	17.0	3.0	1.8888888888888888	"{""gtf"":6}"	chr5:65242104|65273447;chr5:65451475|65473952;chr5:65350273|65473952;chr5:65170617|65197151;chr5:65260600|65273443;chr5:65260600|65273447					0.9892768079800499	0.9738154613466334	0.9907730673316708	0.5	0.9564588528678305
IMR90	25	ERBIN	6	7	20.0	7.0	2.857142857142857	"{""gtf"":6}"	chr5:65988635|66014725;chr5:66053406|66054951;chr5:65988635|65994864;chr5:66012049|66014725;chr5:66025480|66054951;chr5:65992710|66014725					0.9825436408977556	0.9770573566084788	0.9907730673316708	0.5	0.9562219451371572
IMR90	26	DOCK1	7	7	19.0	6.0	2.7142857142857144	"{""gtf"":7}"	chr10:127354669|127404429;chr10:127106231|127257429;chr10:126970702|127043164;chr10:127439027|127451613;chr10:126970702|127037816;chr10:127018710|127061776;chr10:126970702|127127764					0.9825436408977556	0.9760598503740648	0.9940149625935162	0.5	0.955997506234414
IMR90	27	FNDC3B	4	7	24.0	7.0	3.4285714285714284	"{""gtf"":4}"	chr3:172251260|172262083;chr3:172112452|172133546;chr3:172247533|172251541;chr3:172378270|172378436					0.9825436408977556	0.9798004987531173	0.971571072319202	0.5	0.9558104738154615
IMR90	28	ENSG00000201036	5	6	29.0	10.0	4.833333333333333	"{""gtf"":5}"	chr14:100935772|100988790;chr14:100942762|100988790;chr14:100947034|100988790;chr14:100937403|100988790;chr14:100950402|100988790					0.9723192019950124	0.9825436408977556	0.9850374064837906	0.5	0.9555985037406484
IMR90	29	HIPK3	2	20	103.0	11.0	5.15	"{""gtf"":2}"	chr11:33286413|33287511;chr11:33286413|33286952					0.999002493765586	0.9955112219451372	0.8306733167082294	0.5	0.9552992518703243
IMR90	30	DAP3	4	7	20.0	5.0	2.857142857142857	"{""gtf"":4}"	chr1:155612418|155747896;chr1:155725382|155726019;chr1:155727693|155729277;chr1:155721517|155726019					0.9825436408977556	0.9770573566084788	0.971571072319202	0.5	0.9543017456359103
IMR90	31	SNORD113-5	6	6	23.0	11.0	3.8333333333333335	"{""gtf"":6}"	chr14:100935772|100988790;chr14:100935772|100969545;chr14:100913432|100958343;chr14:100937403|100988790;chr14:100937403|100966731;chr14:100913432|100969545					0.9723192019950124	0.9788029925187033	0.9907730673316708	0.5	0.9541147132169576
IMR90	32	PSG5	4	5	39.0	13.0	7.8	"{""gtf"":4}"	chr19:43186342|43204251;chr19:43175244|43175410;chr19:43186342|43204947;chr19:43091907|43168203					0.9588528678304239	0.9880299251870324	0.971571072319202	0.5	0.9532294264339152
IMR90	33	LDHA	2	7	162.0	40.0	23.142857142857142	"{""gtf"":2}"	chr11:18407117|18446333;chr11:18407189|18407483					0.9825436408977556	0.9970074812967581	0.8306733167082294	0.5	0.9511845386533666
IMR90	34	BACH1	3	9	17.0	4.0	1.8888888888888888	"{""gtf"":3}"	chr21:29321221|29329693;chr21:29305204|29329693;chr21:29321221|29321514					0.9892768079800499	0.9738154613466334	0.9349127182044887	0.5	0.9508728179551124
IMR90	35	TRIO	7	7	13.0	3.0	1.8571428571428572	"{""gtf"":7}"	chr5:14280322|14297263;chr5:14316513|14336727;chr5:14290716|14420021;chr5:14363732|14406672;chr5:14270825|14420021;chr5:14492567|14497874;chr5:14290716|14381252					0.9825436408977556	0.9653366583541148	0.9940149625935162	0.5	0.9500997506234415
IMR90	36	LMO7	3	6	26.0	10.0	4.333333333333333	"{""gtf"":3}"	chr13:75713182|75761038;chr13:75727029|75761038;chr13:75856907|75857691					0.9723192019950124	0.9810473815461347	0.9349127182044887	0.5	0.9497630922693268
IMR90	37	ATP8B1	7	6	14.0	5.0	2.3333333333333335	"{""gtf"":7}"	chr18:57688299|57694670;chr18:57655194|57695532;chr18:57731627|57731832;chr18:57701039|57706587;chr18:57652484|57655417;chr18:57685072|57695532;chr18:57731627|57731829					0.9723192019950124	0.9685785536159601	0.9940149625935162	0.5	0.9488154613466336
IMR90	38	ANKRD17	4	6	14.0	3.0	2.3333333333333335	"{""gtf"":4}"	chr4:73085249|73092300;chr4:73090667|73092300;chr4:73118688|73125312;chr4:73113792|73177533					0.9723192019950124	0.9685785536159601	0.971571072319202	0.5	0.9465710723192021
IMR90	39	FCHO2	4	6	14.0	4.0	2.3333333333333335	"{""gtf"":4}"	chr5:73074742|73077493;chr5:73058433|73077493;chr5:73068669|73077420;chr5:73078180|73082825					0.9723192019950124	0.9685785536159601	0.971571072319202	0.5	0.9465710723192021
IMR90	40	COL6A3	8	5	15.0	7.0	3.0	"{""gtf"":8}"	chr2:237363373|237365751;chr2:237324630|237334671;chr2:237325631|237334866;chr2:237359362|237364428;chr2:237333450|237341150;chr2:237374437|237374699;chr2:237381407|237414002;chr2:237351130|237357391					0.9588528678304239	0.9713216957605985	0.9957605985037407	0.5	0.9464588528678305
IMR90	41	ENSG00000288681	3	4	70.0	32.0	17.5	"{""gtf"":3}"	chr11:314933|319797;chr11:309013|314356;chr11:309028|320793					0.9386533665835411	0.9932668329177058	0.9349127182044887	0.5	0.9463840399002494
IMR90	42	IFITM1	3	4	70.0	32.0	17.5	"{""gtf"":3}"	chr11:314933|319797;chr11:309013|314356;chr11:309028|320793					0.9386533665835411	0.9932668329177058	0.9349127182044887	0.5	0.9463840399002494
IMR90	43	UBAP2	5	6	13.0	5.0	2.1666666666666665	"{""gtf"":5}"	chr9:33948374|33948587;chr9:33971651|33973237;chr9:33948374|33996333;chr9:33948374|33956146;chr9:33953285|33963791					0.9723192019950124	0.9653366583541148	0.9850374064837906	0.5	0.946134663341646
IMR90	44	ASAP1	4	7	12.0	4.0	1.7142857142857142	"{""gtf"":4}"	chr8:130159864|130358143;chr8:130290001|130361771;chr8:130152736|130169067;chr8:130358017|130361771					0.9825436408977556	0.9620947630922694	0.971571072319202	0.5	0.946072319201995
IMR90	45	NFATC3	4	7	12.0	3.0	1.7142857142857142	"{""gtf"":4}"	chr16:68121987|68123121;chr16:68121987|68126610;chr16:68122251|68191775;chr16:68174374|68191775					0.9825436408977556	0.9620947630922694	0.971571072319202	0.5	0.946072319201995
IMR90	46	COL6A2	6	5	14.0	8.0	2.8	"{""gtf"":6}"	chr21:46121061|46121618;chr21:46115872|46116814;chr21:46118614|46121618;chr21:46132184|46132672;chr21:46111491|46112157;chr21:46121061|46122531					0.9588528678304239	0.9685785536159601	0.9907730673316708	0.5	0.9444513715710724
IMR90	47	MED13L	4	6	12.0	4.0	2.0	"{""gtf"":4}"	chr12:116096669|116119779;chr12:116096669|116111512;chr12:116230533|116237705;chr12:116230433|116237705					0.9723192019950124	0.9620947630922694	0.971571072319202	0.5	0.943004987531172
IMR90	48	ENSG00000201500	4	5	14.0	6.0	2.8	"{""gtf"":4}"	chr14:100942762|100988790;chr14:100947034|100988790;chr14:100972262|100977722;chr14:100950402|100988790					0.9588528678304239	0.9685785536159601	0.971571072319202	0.5	0.9425311720698255
IMR90	49	NAV3	6	6	11.0	4.0	1.8333333333333333	"{""gtf"":6}"	chr12:78006419|78021862;chr12:77940319|77966301;chr12:77940319|78021862;chr12:78049993|78059115;chr12:77940319|78059115;chr12:78119237|78122428					0.9723192019950124	0.956857855361596	0.9907730673316708	0.5	0.9420448877805485
IMR90	50	PTK2	5	7	10.0	3.0	1.4285714285714286	"{""gtf"":5}"	chr8:140879471|140890769;chr8:140800459|140819020;chr8:140818277|140864399;chr8:140846260|140879637;chr8:140789474|140819020					0.9825436408977556	0.9508728179551122	0.9850374064837906	0.5	0.9412468827930175
IMR90	51	MT1A	2	5	45.0	14.0	9.0	"{""gtf"":2}"	chr16:56626880|56658740;chr16:56626880|56639329					0.9588528678304239	0.9900249376558603	0.8306733167082294	0.5	0.9402369077306733
IMR90	52	GSTM2	2	6	26.0	13.0	4.333333333333333	"{""gtf"":2}"	chr1:109661165|109671583;chr1:109661165|109690564					0.9723192019950124	0.9810473815461347	0.8306733167082294	0.5	0.9393391521197008
IMR90	53	GSTM4	2	6	26.0	13.0	4.333333333333333	"{""gtf"":2}"	chr1:109661165|109671583;chr1:109661165|109690564					0.9723192019950124	0.9810473815461347	0.8306733167082294	0.5	0.9393391521197008
IMR90	54	FBN1	5	4	14.0	11.0	3.5	"{""gtf"":5}"	chr15:48596283|48613092;chr15:48434594|48497391;chr15:48465790|48470756;chr15:48421558|48422068;chr15:48420687|48428471					0.9386533665835411	0.9685785536159601	0.9850374064837906	0.5	0.9378179551122195
IMR90	55	FLNA	7	7	9.0	2.0	1.2857142857142858	"{""gtf"":7}"	chrX:154350752|154351254;chrX:154360051|154360263;chrX:154360026|154361388;chrX:154348969|154349440;chrX:154350052|154351026;chrX:154354671|154354956;chrX:154361308|154362275					0.9825436408977556	0.9423940149625936	0.9940149625935162	0.5	0.9374812967581049
IMR90	56	HIPK2	2	7	16.0	5.0	2.2857142857142856	"{""gtf"":2}"	chr7:139715932|139717015;chr7:139768240|139768779					0.9825436408977556	0.972069825436409	0.8306733167082294	0.5	0.9374688279301746
IMR90	57	ACTB	6	7	9.0	2.0	1.2857142857142858	"{""gtf"":6}"	chr7:5528004|5528719;chr7:5527390|5527587;chr7:5528487|5528705;chr7:5529161|5529346;chr7:5528609|5529352;chr7:5528546|5528705					0.9825436408977556	0.9423940149625936	0.9907730673316708	0.5	0.9371571072319203
IMR90	58	SEC24B	4	4	14.0	5.0	3.5	"{""gtf"":4}"	chr4:109491327|109516640;chr4:109473115|109494686;chr4:109491327|109494856;chr4:109462901|109473186					0.9386533665835411	0.9685785536159601	0.971571072319202	0.5	0.9364713216957606
IMR90	59	ENSG00000261864	3	6	11.0	3.0	1.8333333333333333	"{""gtf"":3}"	chr16:68121987|68123121;chr16:68121987|68126610;chr16:68122251|68191775					0.9723192019950124	0.956857855361596	0.9349127182044887	0.5	0.9364588528678304
IMR90	60	ENSG00000285708	3	6	11.0	3.0	1.8333333333333333	"{""gtf"":3}"	chr3:71015549|71053773;chr3:71493426|71501988;chr3:71041328|71053773					0.9723192019950124	0.956857855361596	0.9349127182044887	0.5	0.9364588528678304
IMR90	61	FOXP1	3	6	11.0	3.0	1.8333333333333333	"{""gtf"":3}"	chr3:71015549|71053773;chr3:71493426|71501988;chr3:71041328|71053773					0.9723192019950124	0.956857855361596	0.9349127182044887	0.5	0.9364588528678304
IMR90	62	LTBP1	6	5	10.0	3.0	2.0	"{""gtf"":6}"	chr2:33263294|33293282;chr2:33020909|33134960;chr2:33347367|33397282;chr2:33301522|33315269;chr2:33309434|33315269;chr2:33300527|33301620					0.9588528678304239	0.9508728179551122	0.9907730673316708	0.5	0.934713216957606
IMR90	63	ENSG00000261553	2	5	24.0	10.0	4.8	"{""gtf"":2}"	chr13:75713182|75761038;chr13:75727029|75761038					0.9588528678304239	0.9798004987531173	0.8306733167082294	0.5	0.9346134663341646
IMR90	64	ASH1L	5	5	10.0	4.0	2.0	"{""gtf"":5}"	chr1:155395459|155459898;chr1:155438327|155439068;chr1:155395459|155439068;chr1:155412867|155415923;chr1:155415744|155459898					0.9588528678304239	0.9508728179551122	0.9850374064837906	0.5	0.934139650872818
IMR90	65	PICALM	4	4	12.0	5.0	3.0	"{""gtf"":4}"	chr11:85996826|86003451;chr11:85981745|85996929;chr11:86012281|86031611;chr11:85981129|86031611					0.9386533665835411	0.9620947630922694	0.971571072319202	0.5	0.9329052369077308
IMR90	66	PXDN	4	4	12.0	4.0	3.0	"{""gtf"":4}"	chr2:1663605|1665038;chr2:1632481|1632774;chr2:1632506|1693134;chr2:1691928|1693134					0.9386533665835411	0.9620947630922694	0.971571072319202	0.5	0.9329052369077308
IMR90	67	RASGRF2	4	5	10.0	3.0	2.0	"{""gtf"":4}"	chr5:81094296|81127163;chr5:81123642|81180281;chr5:81092801|81113920;chr5:81070492|81113920					0.9588528678304239	0.9508728179551122	0.971571072319202	0.5	0.9327930174563591
IMR90	68	PSG4	2	4	34.0	13.0	8.5	"{""gtf"":2}"	chr19:43186342|43204251;chr19:43186342|43204947					0.9386533665835411	0.9870324189526185	0.8306733167082294	0.5	0.9325311720698255
IMR90	69	CAMSAP1	3	5	11.0	3.0	2.2	"{""gtf"":3}"	chr9:135866456|135883078;chr9:135850137|135883078;chr9:135881633|135883078					0.9588528678304239	0.956857855361596	0.9349127182044887	0.5	0.9324189526184539
IMR90	70	RARS1	3	5	11.0	4.0	2.2	"{""gtf"":3}"	chr5:168488602|168498046;chr5:168488602|168494650;chr5:168488602|168497348					0.9588528678304239	0.956857855361596	0.9349127182044887	0.5	0.9324189526184539
IMR90	71	BARD1	3	4	12.0	5.0	3.0	"{""gtf"":3}"	chr2:214767482|214781509;chr2:214752447|214797117;chr2:214728918|214781509					0.9386533665835411	0.9620947630922694	0.9349127182044887	0.5	0.9292394014962595
IMR90	72	SATB2	2	5	14.0	5.0	2.8	"{""gtf"":2}"	chr2:199368605|199433514;chr2:199348701|199433514					0.9588528678304239	0.9685785536159601	0.8306733167082294	0.5	0.9284413965087283
IMR90	73	ATXN2	5	6	8.0	2.0	1.3333333333333333	"{""gtf"":5}"	chr12:111509549|111510582;chr12:111479070|111486824;chr12:111554158|111555919;chr12:111552280|111555919;chr12:111485271|111510582					0.9723192019950124	0.929925187032419	0.9850374064837906	0.5	0.9266583541147132
IMR90	74	ATAD3A	2	4	17.0	10.0	4.25	"{""gtf"":2}"	chr1:1482138|1518990;chr1:1495485|1529331					0.9386533665835411	0.9738154613466334	0.8306733167082294	0.5	0.9252618453865338
IMR90	75	ATAD3B	2	4	17.0	10.0	4.25	"{""gtf"":2}"	chr1:1482138|1518990;chr1:1495485|1529331					0.9386533665835411	0.9738154613466334	0.8306733167082294	0.5	0.9252618453865338
IMR90	76	ENSG00000284740	2	4	17.0	10.0	4.25	"{""gtf"":2}"	chr1:1482138|1518990;chr1:1495485|1529331					0.9386533665835411	0.9738154613466334	0.8306733167082294	0.5	0.9252618453865338
IMR90	77	ENSG00000290916	2	4	17.0	10.0	4.25	"{""gtf"":2}"	chr1:1482138|1518990;chr1:1495485|1529331					0.9386533665835411	0.9738154613466334	0.8306733167082294	0.5	0.9252618453865338
IMR90	78	ENSG00000236073	3	5	9.0	4.0	1.8	"{""gtf"":3}"	chr1:21050866|21089213;chr1:21050866|21111383;chr1:21002713|21111383					0.9588528678304239	0.9423940149625936	0.9349127182044887	0.5	0.9244638403990026
IMR90	79	MAN1A2	3	5	9.0	2.0	1.8	"{""gtf"":3}"	chr1:117402186|117414831;chr1:117402186|117442325;chr1:117402186|117420649					0.9588528678304239	0.9423940149625936	0.9349127182044887	0.5	0.9244638403990026
IMR90	80	IFITM2	2	3	67.0	32.0	22.333333333333332	"{""gtf"":2}"	chr11:309013|314356;chr11:309028|320793					0.8972568578553616	0.9925187032418953	0.8306733167082294	0.5	0.9231296758104739
IMR90	81	ANKRD36C	3	4	10.0	5.0	2.5	"{""gtf"":3}"	chr2:95914108|95916171;chr2:95919733|95919920;chr2:95851694|95860074					0.9386533665835411	0.9508728179551122	0.9349127182044887	0.5	0.9230673316708231
IMR90	82	ASPH	2	6	10.0	4.0	1.6666666666666667	"{""gtf"":2}"	chr8:61618978|61653660;chr8:61680968|61684188					0.9723192019950124	0.9508728179551122	0.8306733167082294	0.5	0.9227431421446384
IMR90	83	CSPP1	5	5	8.0	3.0	1.6	"{""gtf"":5}"	chr8:67103037|67132080;chr8:67118248|67164508;chr8:67131951|67137603;chr8:67105905|67116122;chr8:67131951|67164508					0.9588528678304239	0.929925187032419	0.9850374064837906	0.5	0.9226184538653367
IMR90	84	HERC4	5	5	8.0	2.0	1.6	"{""gtf"":5}"	chr10:68014026|68044563;chr10:67932597|67940985;chr10:67966683|68014186;chr10:68014026|68038169;chr10:67966683|68044563					0.9588528678304239	0.929925187032419	0.9850374064837906	0.5	0.9226184538653367
IMR90	85	SEC31A	5	5	8.0	3.0	1.6	"{""gtf"":5}"	chr4:82874611|82881940;chr4:82844386|82881940;chr4:82878730|82881937;chr4:82871944|82875822;chr4:82878730|82881940					0.9588528678304239	0.929925187032419	0.9850374064837906	0.5	0.9226184538653367
IMR90	86	SPARC	5	5	8.0	4.0	1.6	"{""gtf"":5}"	chr5:151664107|151669688;chr5:151664087|151669784;chr5:151667487|151669688;chr5:151663143|151669688;chr5:151674621|151676183					0.9588528678304239	0.929925187032419	0.9850374064837906	0.5	0.9226184538653367
IMR90	87	CANX	4	4	9.0	5.0	2.25	"{""gtf"":4}"	chr5:179719738|179723019;chr5:179708256|179709912;chr5:179705679|179709059;chr5:179708281|179709912					0.9386533665835411	0.9423940149625936	0.971571072319202	0.5	0.9220698254364091
IMR90	88	NALF1	4	4	9.0	4.0	2.25	"{""gtf"":4}"	chr13:107466015|107467304;chr13:107466015|107468552;chr13:107466015|107467250;chr13:107598841|107635379					0.9386533665835411	0.9423940149625936	0.971571072319202	0.5	0.9220698254364091
IMR90	89	ANKRD12	2	7	9.0	2.0	1.2857142857142858	"{""gtf"":2}"	chr18:9182382|9221999;chr18:9168204|9221999					0.9825436408977556	0.9423940149625936	0.8306733167082294	0.5	0.9211471321695761
IMR90	90	ENSG00000265257	2	7	9.0	2.0	1.2857142857142858	"{""gtf"":2}"	chr18:9182382|9221999;chr18:9168204|9221999					0.9825436408977556	0.9423940149625936	0.8306733167082294	0.5	0.9211471321695761
IMR90	91	ZNF800	3	3	13.0	7.0	4.333333333333333	"{""gtf"":3}"	chr7:127373342|127386155;chr7:127371145|127386155;chr7:127373342|127377329					0.8972568578553616	0.9653366583541148	0.9349127182044887	0.5	0.9186034912718205
IMR90	92	CHD9	3	5	8.0	3.0	1.6	"{""gtf"":3}"	chr16:53155926|53157541;chr16:53141179|53157541;chr16:53154447|53157541					0.9588528678304239	0.929925187032419	0.9349127182044887	0.5	0.9176059850374065
IMR90	93	FMN2	3	3	12.0	10.0	4.0	"{""gtf"":3}"	chr1:240329076|240392562;chr1:240177921|240211235;chr1:240257945|240392562					0.8972568578553616	0.9620947630922694	0.9349127182044887	0.5	0.9168204488778056
IMR90	94	SETD2	5	6	7.0	2.0	1.1666666666666667	"{""gtf"":5}"	chr3:47046487|47062346;chr3:47037666|47046621;chr3:47056821|47088247;chr3:47056821|47067118;chr3:47042561|47098081					0.9723192019950124	0.9094763092269327	0.9850374064837906	0.5	0.9154114713216958
IMR90	95	CHD2	4	4	8.0	4.0	2.0	"{""gtf"":4}"	chr15:92924321|92929091;chr15:93000512|93014909;chr15:93014696|93014909;chr15:92996957|92998621					0.9386533665835411	0.929925187032419	0.971571072319202	0.5	0.915211970074813
IMR90	96	NCOR2	4	4	8.0	4.0	2.0	"{""gtf"":4}"	chr12:124437930|124495368;chr12:124378237|124449867;chr12:124449815|124495368;chr12:124372022|124372610					0.9386533665835411	0.929925187032419	0.971571072319202	0.5	0.915211970074813
IMR90	97	VPS13C	4	4	8.0	4.0	2.0	"{""gtf"":4}"	chr15:61868659|61890400;chr15:61991000|62035052;chr15:62033441|62044255;chr15:62007308|62044255					0.9386533665835411	0.929925187032419	0.971571072319202	0.5	0.915211970074813
IMR90	98	NEAT1	4	3	10.0	4.0	3.3333333333333335	"{""gtf"":4}"	chr11:65436540|65436941;chr11:65435578|65435797;chr11:65426996|65427419;chr11:65428067|65428214					0.8972568578553616	0.9508728179551122	0.971571072319202	0.5	0.9143142144638404
IMR90	99	PLEKHG2	3	3	11.0	9.0	3.6666666666666665	"{""gtf"":3}"	chr19:39417555|39419003;chr19:39418734|39419003;chr19:39422115|39422288					0.8972568578553616	0.956857855361596	0.9349127182044887	0.5	0.9139401496259352
IMR90	100	LINC00632	1	23	1217.0	98.0	52.91304347826087	"{""gtf"":1}"	chrX:140783175|140784659					1.0	1.0	0.3768079800498753	0.5	0.9126807980049877
